verdict,line,operator,type,from,to,ref,excessKm,tripsDay,wasteDayKm,ratio,lat,lng,reason
"ספק","294","תנופה","ניווט","בית דגן/טרומפלדור","צומת עינת לצפון/כביש 444","","11.098","1","11.1","1.57","32.00554","34.83152","המסלול בין התחנות ארוך פי 1.57 מהדרך הקצרה ברכב (19323 מ', מאותו כביש ובאותו כיוון נסיעה). ייתכן נתיב תח""צ, איסור פנייה או מסוף — לבדיקה."
"ספק","285","ירושלים-רמאללה איחוד","ניווט","צומת הזיתים","שכונת א זעים","","10.846","11","119.3","5.15","31.78351","35.25774","המסלול בין התחנות ארוך פי 5.15 מהדרך הקצרה ברכב (2613 מ', מאותו כביש ובאותו כיוון נסיעה). ייתכן נתיב תח""צ, איסור פנייה או מסוף — לבדיקה."
"ספק","294","תנופה","ניווט","צומת עינת לדרום/כביש 444","מסעף בית דגן","","8.33","1","8.3","1.41","32.08944","34.94414","המסלול בין התחנות ארוך פי 1.41 מהדרך הקצרה ברכב (20203 מ', מאותו כביש ובאותו כיוון נסיעה). ייתכן נתיב תח""צ, איסור פנייה או מסוף — לבדיקה."
"ספק","797","נתיב אקספרס","ניווט","הגפן/הפרסים","מסעף שפרעם צפון","","6.528","1","6.5","1.38","32.81635","34.99098","המסלול בין התחנות ארוך פי 1.38 מהדרך הקצרה ברכב (17400 מ', מאותו כביש ובאותו כיוון נסיעה). ייתכן נתיב תח""צ, איסור פנייה או מסוף — לבדיקה."
"ספק","683","קווים","ניווט","רש''י/חטיבת הראל","הרצוג/עובדיה מברטנורא","","6.481","1","6.5","1.36","32.43101","34.91391","המסלול בין התחנות ארוך פי 1.36 מהדרך הקצרה ברכב (17928 מ', מאותו כביש ובאותו כיוון נסיעה). ייתכן נתיב תח""צ, איסור פנייה או מסוף — לבדיקה."
"אמיתי","20","תנופה","detour","צומת שערי תקווה","מסוף אורנית","17","5.176","7","36.2","2.8","32.11623","35.02488","המסלול מתקדם ואז חוזר 2058 מ' לאחור על צירו (לולאה/הלוך-חזור) בין ""צומת שערי תקווה"" ל-""מסוף אורנית"", בעוד קו 17 עובר ישר — נסיעה כפולה על אותו כביש, עיקוף אמיתי. המדידה מתחילה מתחנת-התקלה, ללא תלות בכיוון-ההגעה הקודם."
"אמיתי","19","תנופה","detour","מחלף ראש העין מזרח","מסוף אורנית","20","5.157","10","51.6","2.25","32.10714","34.96185","סטייה של 5.2 ק""מ במקטע אחד מול קו 20 (יחס פי 2.25) — מסלול עוקף ממשי, עיקוף אמיתי."
"אמיתי","284","תנופה","detour","מחלף ראש העין מזרח","כביש 444/המרץ","291","5.06","4","20.2","2.41","32.10761","34.96207","המסלול מתקדם ואז חוזר 1859 מ' לאחור על צירו (לולאה/הלוך-חזור) בין ""מחלף ראש העין מזרח"" ל-""כביש 444/המרץ"", בעוד קו 291 עובר ישר — נסיעה כפולה על אותו כביש, עיקוף אמיתי. המדידה מתחילה מתחנת-התקלה, ללא תלות בכיוון-ההגעה הקודם."
"ספק","263א","ירושלים-אלווסט איחוד","ניווט","יצחק הנדיב/ואדי ג'וז","אוניברסיטת אבו דיס","","4.415","4","17.7","1.37","31.79471","35.23627","המסלול בין התחנות ארוך פי 1.37 מהדרך הקצרה ברכב (12090 מ', מאותו כביש ובאותו כיוון נסיעה). ייתכן נתיב תח""צ, איסור פנייה או מסוף — לבדיקה."
"ספק","391","תנופה","ניווט","רבי מאיר מפרימישלן/הרב מירב","צומת רבבה","","4.22","5","21.1","1.55","32.16361","35.13863","המסלול בין התחנות ארוך פי 1.55 מהדרך הקצרה ברכב (7732 מ', מאותו כביש ובאותו כיוון נסיעה). ייתכן נתיב תח""צ, איסור פנייה או מסוף — לבדיקה."
"ספק","391","תנופה","ניווט","צומת רבבה","רבי מאיר מפרימישלן/הרב מירב","","4.214","3","12.6","1.55","32.12284","35.12992","המסלול בין התחנות ארוך פי 1.55 מהדרך הקצרה ברכב (7607 מ', מאותו כביש ובאותו כיוון נסיעה). ייתכן נתיב תח""צ, איסור פנייה או מסוף — לבדיקה."
"ספק","31","אלקטרה אפיקים תחבורה","ניווט","גילגל/כניסה","צומת גילגל/כביש 90","","3.529","6","21.2","3.9","31.99934","35.44653","המסלול בין התחנות ארוך פי 3.90 מהדרך הקצרה ברכב (1216 מ', מאותו כביש ובאותו כיוון נסיעה). ייתכן נתיב תח""צ, איסור פנייה או מסוף — לבדיקה."
"אמיתי","832","אגד","detour","מסעף גבע","צומת יזרעאל","853","3.304","1","3.3","1.72","32.55778","35.36643","המסלול מתקדם ואז חוזר 1226 מ' לאחור על צירו (לולאה/הלוך-חזור) בין ""מסעף גבע"" ל-""צומת יזרעאל"", בעוד קו 853 עובר ישר — נסיעה כפולה על אותו כביש, עיקוף אמיתי. המדידה מתחילה מתחנת-התקלה, ללא תלות בכיוון-ההגעה הקודם."
"ספק","73","תנופה","ניווט","רכבת טייבה שער אפריים/איסוף","צומת שער אפרים","","3.175","11","34.9","3.89","32.27705","34.99587","המסלול בין התחנות ארוך פי 3.89 מהדרך הקצרה ברכב (1100 מ', מאותו כביש ובאותו כיוון נסיעה). ייתכן נתיב תח""צ, איסור פנייה או מסוף — לבדיקה."
"אמיתי","688","מטרופולין","detour","מחלף מיתר לצפון","לקיה כניסה דרומית","588","2.905","1","2.9","2.38","31.30852","34.9015","המסלול מתקדם ואז חוזר 1265 מ' לאחור על צירו (לולאה/הלוך-חזור) בין ""מחלף מיתר לצפון"" ל-""לקיה כניסה דרומית"", בעוד קו 588 עובר ישר — נסיעה כפולה על אותו כביש, עיקוף אמיתי. המדידה מתחילה מתחנת-התקלה, ללא תלות בכיוון-ההגעה הקודם."
"ספק","972","אגד","ניווט","טרומפלדור/מרכז זיו","מחלף יגור","","2.828","4","11.3","1.36","32.78356","35.01497","המסלול בין התחנות ארוך פי 1.36 מהדרך הקצרה ברכב (7759 מ', מאותו כביש ובאותו כיוון נסיעה). ייתכן נתיב תח""צ, איסור פנייה או מסוף — לבדיקה."
"ספק","972","אגד","ניווט","טרומפלדור/מרכז זיו","מחלף יגור","","2.828","10","28.3","1.36","32.78356","35.01497","המסלול בין התחנות ארוך פי 1.36 מהדרך הקצרה ברכב (7759 מ', מאותו כביש ובאותו כיוון נסיעה). ייתכן נתיב תח""צ, איסור פנייה או מסוף — לבדיקה."
"ספק","98","אגד","ניווט","יהודה לייב יוספזון/יעקב ברמן","דוד אלעזר/ישראל שמיד","","2.667","1","2.7","1.53","31.90505","34.81977","המסלול בין התחנות ארוך פי 1.53 מהדרך הקצרה ברכב (5026 מ', מאותו כביש ובאותו כיוון נסיעה). ייתכן נתיב תח""צ, איסור פנייה או מסוף — לבדיקה."
"ספק","1","אקסטרה ירושלים","ניווט","בי''ח שערי צדק/בייט","שמואל הנביא/פישל","","2.66","1","2.7","1.52","31.77493","35.18527","המסלול בין התחנות ארוך פי 1.52 מהדרך הקצרה ברכב (5151 מ', מאותו כביש ובאותו כיוון נסיעה). ייתכן נתיב תח""צ, איסור פנייה או מסוף — לבדיקה."
"ספק","1","מטרופולין","ניווט","מנדס/דרך שיבא","יחזקאל קזז/דרך לוד","","2.517","7","17.6","2.07","32.05091","34.8424","המסלול בין התחנות ארוך פי 2.07 מהדרך הקצרה ברכב (2356 מ', מאותו כביש ובאותו כיוון נסיעה). ייתכן נתיב תח""צ, איסור פנייה או מסוף — לבדיקה."
"ספק","57","דן בדרום","ניווט","צומת להב לצפון","צומת שומריה לצפון/כביש 3257","","2.495","6","15","1.52","31.38386","34.87776","המסלול בין התחנות ארוך פי 1.52 מהדרך הקצרה ברכב (4795 מ', מאותו כביש ובאותו כיוון נסיעה). ייתכן נתיב תח""צ, איסור פנייה או מסוף — לבדיקה."
"לא ניתן להשוואה","85","נתיב אקספרס","detour","שפרינצק/קרן היסוד","אצ''ל/צה''ל","88","2.405","1","2.4","4.98","32.95849","35.49424","לא ניתן להשוואה — קו 88 מתחיל/מסיים את מסלולו באחת התחנות (תחנת-קצה), ולכן אינו מסדרון-מעבר תקף: הוא עושה משם קפיצה ישירה קצרה, בעוד הקו הנבדק עשוי לבצע לולאת-שירות לגיטימית באמצע מסלולו. אין בסיס להשוואת מרחקים."
"ספק","98","אגד","ניווט","דוד אלעזר/ישראל שמיד","לייב יוספזון/יעקב ברמן","","2.352","1","2.4","1.47","31.93121","34.81231","המסלול בין התחנות ארוך פי 1.47 מהדרך הקצרה ברכב (4970 מ', מאותו כביש ובאותו כיוון נסיעה). ייתכן נתיב תח""צ, איסור פנייה או מסוף — לבדיקה."
"ספק","760","אקסטרה ירושלים","ניווט","מסוף 700/שד' נווה יעקב","צומת רמות/גולדה","","2.19","1","2.2","1.44","31.83775","35.2316","המסלול בין התחנות ארוך פי 1.44 מהדרך הקצרה ברכב (5005 מ', מאותו כביש ובאותו כיוון נסיעה). ייתכן נתיב תח""צ, איסור פנייה או מסוף — לבדיקה."
"ספק","760","אקסטרה ירושלים","ניווט","מסוף 700/שד' נווה יעקב","צומת רמות/גולדה","","2.19","1","2.2","1.44","31.83775","35.2316","המסלול בין התחנות ארוך פי 1.44 מהדרך הקצרה ברכב (5005 מ', מאותו כביש ובאותו כיוון נסיעה). ייתכן נתיב תח""צ, איסור פנייה או מסוף — לבדיקה."
"ספק","804","סופרבוס","ניווט","צומת גבעת מרדכי/בייט","שמגר/ירמיהו","","2.179","1","2.2","1.47","31.76709","35.19322","המסלול בין התחנות ארוך פי 1.47 מהדרך הקצרה ברכב (4609 מ', מאותו כביש ובאותו כיוון נסיעה). ייתכן נתיב תח""צ, איסור פנייה או מסוף — לבדיקה."
"ספק","807","אגד","ניווט","צומת גבעת מרדכי/בייט","שמגר/ירמיהו","","2.179","1","2.2","1.47","31.76709","35.19322","המסלול בין התחנות ארוך פי 1.47 מהדרך הקצרה ברכב (4609 מ', מאותו כביש ובאותו כיוון נסיעה). ייתכן נתיב תח""צ, איסור פנייה או מסוף — לבדיקה."
"ספק","330","אלקטרה אפיקים","ניווט","כנף","נתב''ג טרמינל 3/קומת תח''צ","","2.011","2","4","2.7","31.99883","34.88004","המסלול בין התחנות ארוך פי 2.70 מהדרך הקצרה ברכב (1181 מ', מאותו כביש ובאותו כיוון נסיעה). ייתכן נתיב תח""צ, איסור פנייה או מסוף — לבדיקה."
"ספק","167","נתיב אקספרס","ניווט","עדי/הזית","הרדוף/יציאה","","2.004","7","14","1.63","32.7844","35.17497","המסלול בין התחנות ארוך פי 1.63 מהדרך הקצרה ברכב (3168 מ', מאותו כביש ובאותו כיוון נסיעה). ייתכן נתיב תח""צ, איסור פנייה או מסוף — לבדיקה."
"ספק","1","מטרופולין","ניווט","מחנה דורי","עמק האלה/דרך שיבא","","1.916","7","13.4","1.84","32.03618","34.84601","המסלול בין התחנות ארוך פי 1.84 מהדרך הקצרה ברכב (2288 מ', מאותו כביש ובאותו כיוון נסיעה). ייתכן נתיב תח""צ, איסור פנייה או מסוף — לבדיקה."
"ספק","82","אגד","ניווט","בית ספר בית יעקב/אבן גבירול","גאולה/רבי עקיבא","","1.851","1","1.9","1.51","32.80378","35.00778","המסלול בין התחנות ארוך פי 1.51 מהדרך הקצרה ברכב (3608 מ', מאותו כביש ובאותו כיוון נסיעה). ייתכן נתיב תח""צ, איסור פנייה או מסוף — לבדיקה."
"אמיתי","24","אגד","detour","שדרות בן גוריון/הכרכום","שדרות בן גוריון/דרך מנחם בגין","2","1.84","1","1.8","4.49","32.5871","34.95145","המסלול מתקדם ואז חוזר 521 מ' לאחור על צירו (לולאה/הלוך-חזור) בין ""שדרות בן גוריון/הכרכום"" ל-""שדרות בן גוריון/דרך מנחם בגין"", בעוד קו 2 עובר ישר — נסיעה כפולה על אותו כביש, עיקוף אמיתי. המדידה מתחילה מתחנת-התקלה, ללא תלות בכיוון-ההגעה הקודם."
"ספק","55","מטרופולין","ניווט","שבט זנון","צומת הרוחות","","1.798","5","9","1.44","30.68961","34.78849","המסלול בין התחנות ארוך פי 1.44 מהדרך הקצרה ברכב (4102 מ', מאותו כביש ובאותו כיוון נסיעה). ייתכן נתיב תח""צ, איסור פנייה או מסוף — לבדיקה."
"ספק","55","מטרופולין","ניווט","שבט זנון","צומת הרוחות","","1.798","1","1.8","1.44","30.68961","34.78849","המסלול בין התחנות ארוך פי 1.44 מהדרך הקצרה ברכב (4102 מ', מאותו כביש ובאותו כיוון נסיעה). ייתכן נתיב תח""צ, איסור פנייה או מסוף — לבדיקה."
"ספק","487","אגד","ניווט","ת. מרכזית ירושלים קומה 3/רציפים","תחנת רקל''ה גבעת המבתר/יגאל ידין","","1.778","1","1.8","1.42","31.78947","35.20372","המסלול בין התחנות ארוך פי 1.42 מהדרך הקצרה ברכב (4224 מ', מאותו כביש ובאותו כיוון נסיעה). ייתכן נתיב תח""צ, איסור פנייה או מסוף — לבדיקה."
"ספק","961","אגד","ניווט","ת. מרכזית ירושלים קומה 3/רציפים","תחנת רקל''ה גבעת המבתר/יגאל ידין","","1.777","17","30.2","1.42","31.78947","35.20372","המסלול בין התחנות ארוך פי 1.42 מהדרך הקצרה ברכב (4224 מ', מאותו כביש ובאותו כיוון נסיעה). ייתכן נתיב תח""צ, איסור פנייה או מסוף — לבדיקה."
"ספק","486","אגד","ניווט","ת. מרכזית ירושלים קומה 3/רציפים","תחנת רקל''ה גבעת המבתר/יגאל ידין","","1.777","1","1.8","1.42","31.78947","35.20372","המסלול בין התחנות ארוך פי 1.42 מהדרך הקצרה ברכב (4224 מ', מאותו כביש ובאותו כיוון נסיעה). ייתכן נתיב תח""צ, איסור פנייה או מסוף — לבדיקה."
"ספק","486","אגד","ניווט","ת. מרכזית ירושלים קומה 3/רציפים","תחנת רקל''ה גבעת המבתר/יגאל ידין","","1.777","1","1.8","1.42","31.78947","35.20372","המסלול בין התחנות ארוך פי 1.42 מהדרך הקצרה ברכב (4224 מ', מאותו כביש ובאותו כיוון נסיעה). ייתכן נתיב תח""צ, איסור פנייה או מסוף — לבדיקה."
"ספק","966","אגד","ניווט","ת. מרכזית ירושלים קומה 3/רציפים","תחנת רקל''ה גבעת המבתר/יגאל ידין","","1.777","5","8.9","1.42","31.78947","35.20372","המסלול בין התחנות ארוך פי 1.42 מהדרך הקצרה ברכב (4224 מ', מאותו כביש ובאותו כיוון נסיעה). ייתכן נתיב תח""צ, איסור פנייה או מסוף — לבדיקה."
"ספק","486","אגד","ניווט","ת. מרכזית ירושלים קומה 3/רציפים","תחנת רקל''ה גבעת המבתר/יגאל ידין","","1.777","18","32","1.42","31.78947","35.20372","המסלול בין התחנות ארוך פי 1.42 מהדרך הקצרה ברכב (4224 מ', מאותו כביש ובאותו כיוון נסיעה). ייתכן נתיב תח""צ, איסור פנייה או מסוף — לבדיקה."
"ספק","967","אגד","ניווט","ת. מרכזית ירושלים קומה 3/רציפים","תחנת רקל''ה גבעת המבתר/יגאל ידין","","1.777","6","10.7","1.42","31.78947","35.20372","המסלול בין התחנות ארוך פי 1.42 מהדרך הקצרה ברכב (4224 מ', מאותו כביש ובאותו כיוון נסיעה). ייתכן נתיב תח""צ, איסור פנייה או מסוף — לבדיקה."
"ספק","967","אגד","ניווט","ת. מרכזית ירושלים קומה 3/רציפים","תחנת רקל''ה גבעת המבתר/יגאל ידין","","1.777","1","1.8","1.42","31.78947","35.20372","המסלול בין התחנות ארוך פי 1.42 מהדרך הקצרה ברכב (4224 מ', מאותו כביש ובאותו כיוון נסיעה). ייתכן נתיב תח""צ, איסור פנייה או מסוף — לבדיקה."
"לא ניתן להשוואה","92","נתיב אקספרס","detour","אצ''ל/דרך הרב חיים חורי","שפרינצק/קרן היסוד","85","1.757","1","1.8","5.71","32.95846","35.49289","לא ניתן להשוואה — קו 85 מתחיל/מסיים את מסלולו באחת התחנות (תחנת-קצה), ולכן אינו מסדרון-מעבר תקף: הוא עושה משם קפיצה ישירה קצרה, בעוד הקו הנבדק עשוי לבצע לולאת-שירות לגיטימית באמצע מסלולו. אין בסיס להשוואת מרחקים."
"לא ניתן להשוואה","92","נתיב אקספרס","detour","אצ''ל/דרך הרב חיים חורי","שפרינצק/קרן היסוד","85","1.757","1","1.8","5.71","32.95846","35.49289","לא ניתן להשוואה — קו 85 מתחיל/מסיים את מסלולו באחת התחנות (תחנת-קצה), ולכן אינו מסדרון-מעבר תקף: הוא עושה משם קפיצה ישירה קצרה, בעוד הקו הנבדק עשוי לבצע לולאת-שירות לגיטימית באמצע מסלולו. אין בסיס להשוואת מרחקים."
"ספק","366","אלקטרה אפיקים תחבורה","ניווט","הרודיון/בסיס","החלמונית/הניסנית","","1.743","5","8.7","1.59","31.66733","35.23871","המסלול בין התחנות ארוך פי 1.59 מהדרך הקצרה ברכב (2947 מ', מאותו כביש ובאותו כיוון נסיעה). ייתכן נתיב תח""צ, איסור פנייה או מסוף — לבדיקה."
"ספק","504","קווים","ניווט","כביש 431/חשמונאים","מרכז מסחרי/שדרות המלאכות","","1.733","2","3.5","1.42","31.89424","35.00059","המסלול בין התחנות ארוך פי 1.42 מהדרך הקצרה ברכב (4099 מ', מאותו כביש ובאותו כיוון נסיעה). ייתכן נתיב תח""צ, איסור פנייה או מסוף — לבדיקה."
"ספק","35","נתיב אקספרס","ניווט","מסעף כישור","מסעף דיר אל אסד","","1.72","6","10.3","2.13","32.94944","35.25506","המסלול בין התחנות ארוך פי 2.13 מהדרך הקצרה ברכב (1521 מ', מאותו כביש ובאותו כיוון נסיעה). ייתכן נתיב תח""צ, איסור פנייה או מסוף — לבדיקה."
"ספק","825","סופרבוס","ניווט","צומת רמות/ידין","שד' נווה יעקב/משה סנה","","1.633","1","1.6","1.3","31.80629","35.20489","המסלול בין התחנות ארוך פי 1.30 מהדרך הקצרה ברכב (5357 מ', מאותו כביש ובאותו כיוון נסיעה). ייתכן נתיב תח""צ, איסור פנייה או מסוף — לבדיקה."
"אמיתי","949","אלקטרה אפיקים תחבורה","detour","מסעף מעלה אפרים","צומת מחנה אפיק למערב","161","1.615","10","16.1","2.08","32.06616","35.40033","המסלול מתקדם ואז חוזר 670 מ' לאחור על צירו (לולאה/הלוך-חזור) בין ""מסעף מעלה אפרים"" ל-""צומת מחנה אפיק למערב"", בעוד קו 161 עובר ישר — נסיעה כפולה על אותו כביש, עיקוף אמיתי. המדידה מתחילה מתחנת-התקלה, ללא תלות בכיוון-ההגעה הקודם."
"ספק","59","אגד","ניווט","אנילביץ'/צייטלין","קניון ראשונים/שדרות נים","","1.611","1","1.6","1.34","31.98427","34.78988","המסלול בין התחנות ארוך פי 1.34 מהדרך הקצרה ברכב (4688 מ', מאותו כביש ובאותו כיוון נסיעה). ייתכן נתיב תח""צ, איסור פנייה או מסוף — לבדיקה."
"ספק","977","נתיב אקספרס","ניווט","גני הדר","צה''ל 1","","1.6","2","3.2","5.81","32.96364","35.48782","המסלול בין התחנות ארוך פי 5.81 מהדרך הקצרה ברכב (333 מ', מאותו כביש ובאותו כיוון נסיעה). ייתכן נתיב תח""צ, איסור פנייה או מסוף — לבדיקה."
"ספק","254","ירושלים-אבו-תור-ענאתא איחוד","ניווט","דרך ענתות","מחסום ענאתא/דרך ענתות","","1.531","34","52.1","1.44","31.81613","35.26779","המסלול בין התחנות ארוך פי 1.44 מהדרך הקצרה ברכב (3486 מ', מאותו כביש ובאותו כיוון נסיעה). ייתכן נתיב תח""צ, איסור פנייה או מסוף — לבדיקה."
"אמיתי","9","אגד","detour","שדרות רשות שדות תעופה","נתב''ג טרמינל 3/קומת תח''צ","13","1.517","27","41","1.5","31.98924","34.89605","המסלול מתקדם ואז חוזר 527 מ' לאחור על צירו (לולאה/הלוך-חזור) בין ""שדרות רשות שדות תעופה"" ל-""נתב''ג טרמינל 3/קומת תח''צ"", בעוד קו 13 עובר ישר — נסיעה כפולה על אותו כביש, עיקוף אמיתי. המדידה מתחילה מתחנת-התקלה, ללא תלות בכיוון-ההגעה הקודם."
"ספק","51","נתיב אקספרס","ניווט","כחל 1","מגרשי ספורט","","1.51","6","9.1","5.73","32.8886","35.51107","המסלול בין התחנות ארוך פי 5.73 מהדרך הקצרה ברכב (320 מ', מאותו כביש ובאותו כיוון נסיעה). ייתכן נתיב תח""צ, איסור פנייה או מסוף — לבדיקה."
"ספק","62","קווים","ניווט","מחסום סאלם","סאלם כניסה","","1.502","15","22.5","2.34","32.54386","35.20952","המסלול בין התחנות ארוך פי 2.34 מהדרך הקצרה ברכב (1124 מ', מאותו כביש ובאותו כיוון נסיעה). ייתכן נתיב תח""צ, איסור פנייה או מסוף — לבדיקה."
"לא ניתן להשוואה","23","אגד","detour","השמורה/הפנינה","הכובשים/החלוצים","5","1.485","1","1.5","6.09","32.56554","34.94172","לא ניתן להשוואה — קו 5 מתחיל/מסיים את מסלולו באחת התחנות (תחנת-קצה), ולכן אינו מסדרון-מעבר תקף: הוא עושה משם קפיצה ישירה קצרה, בעוד הקו הנבדק עשוי לבצע לולאת-שירות לגיטימית באמצע מסלולו. אין בסיס להשוואת מרחקים."
"ספק","62","קווים","ניווט","סאלם יציאה","מחסום סאלם","","1.482","16","23.7","2.32","32.54163","35.2022","המסלול בין התחנות ארוך פי 2.32 מהדרך הקצרה ברכב (1126 מ', מאותו כביש ובאותו כיוון נסיעה). ייתכן נתיב תח""צ, איסור פנייה או מסוף — לבדיקה."
"ספק","29","סופרבוס","ניווט","קיבוץ נווה אור","מסעף קיבוץ נווה אור","","1.469","4","5.9","2.78","32.5882","35.55393","המסלול בין התחנות ארוך פי 2.78 מהדרך הקצרה ברכב (827 מ', מאותו כביש ובאותו כיוון נסיעה). ייתכן נתיב תח""צ, איסור פנייה או מסוף — לבדיקה."
"ספק","29","סופרבוס","ניווט","קיבוץ נווה אור","מסעף קיבוץ נווה אור","","1.463","3","4.4","2.77","32.5882","35.55393","המסלול בין התחנות ארוך פי 2.77 מהדרך הקצרה ברכב (828 מ', מאותו כביש ובאותו כיוון נסיעה). ייתכן נתיב תח""צ, איסור פנייה או מסוף — לבדיקה."
"ספק","485","דרך אגד עוטף ירושלים","ניווט","רשות שדות התעופה/העליה","נתב''ג טרמינל 3/קומת המראות","","1.458","5","7.3","1.42","31.99088","34.8976","המסלול בין התחנות ארוך פי 1.42 מהדרך הקצרה ברכב (3491 מ', מאותו כביש ובאותו כיוון נסיעה). ייתכן נתיב תח""צ, איסור פנייה או מסוף — לבדיקה."
"ספק","80א","אגד","ניווט","אריה לוין /חבד","דרך עכו/צומת עין אפק","","1.42","1","1.4","1.42","32.8414","35.07169","המסלול בין התחנות ארוך פי 1.42 מהדרך הקצרה ברכב (3356 מ', מאותו כביש ובאותו כיוון נסיעה). ייתכן נתיב תח""צ, איסור פנייה או מסוף — לבדיקה."
"אמיתי","90","אגד","detour","רופין/קניאל","רבי עקיבא/ליאון בלום","98","1.406","1","1.4","2.79","32.79944","35.00202","המסלול מתקדם ואז חוזר 151 מ' לאחור על צירו (לולאה/הלוך-חזור) בין ""רופין/קניאל"" ל-""רבי עקיבא/ליאון בלום"", בעוד קו 98 עובר ישר — נסיעה כפולה על אותו כביש, עיקוף אמיתי. המדידה מתחילה מתחנת-התקלה, ללא תלות בכיוון-ההגעה הקודם."
"ספק","340","אלקטרה אפיקים","ניווט","העולים/3922","יצחק רבין/מנחם בגין","","1.371","13","17.8","1.94","31.79417","34.74397","המסלול בין התחנות ארוך פי 1.94 מהדרך הקצרה ברכב (1457 מ', מאותו כביש ובאותו כיוון נסיעה). ייתכן נתיב תח""צ, איסור פנייה או מסוף — לבדיקה."
"ספק","37","אלקטרה אפיקים","ניווט","העולים/3922","יצחק רבין/מנחם בגין","","1.371","27","37","1.94","31.79417","34.74397","המסלול בין התחנות ארוך פי 1.94 מהדרך הקצרה ברכב (1457 מ', מאותו כביש ובאותו כיוון נסיעה). ייתכן נתיב תח""צ, איסור פנייה או מסוף — לבדיקה."
"ספק","27","אלקטרה אפיקים","ניווט","העולים/3922","יצחק רבין/מנחם בגין","","1.371","14","19.2","1.94","31.79417","34.74397","המסלול בין התחנות ארוך פי 1.94 מהדרך הקצרה ברכב (1457 מ', מאותו כביש ובאותו כיוון נסיעה). ייתכן נתיב תח""צ, איסור פנייה או מסוף — לבדיקה."
"ספק","38א","אלקטרה אפיקים","ניווט","העולים/3922","יצחק רבין/מנחם בגין","","1.371","4","5.5","1.94","31.79417","34.74397","המסלול בין התחנות ארוך פי 1.94 מהדרך הקצרה ברכב (1457 מ', מאותו כביש ובאותו כיוון נסיעה). ייתכן נתיב תח""צ, איסור פנייה או מסוף — לבדיקה."
"ספק","336","אלקטרה אפיקים","ניווט","העולים/3922","יצחק רבין/מנחם בגין","","1.371","4","5.5","1.94","31.79417","34.74397","המסלול בין התחנות ארוך פי 1.94 מהדרך הקצרה ברכב (1457 מ', מאותו כביש ובאותו כיוון נסיעה). ייתכן נתיב תח""צ, איסור פנייה או מסוף — לבדיקה."
"ספק","45","נתיב אקספרס","ניווט","עלמה 1","עלמה 2","","1.363","9","12.3","3.55","33.05377","35.49349","המסלול בין התחנות ארוך פי 3.55 מהדרך הקצרה ברכב (534 מ', מאותו כביש ובאותו כיוון נסיעה). ייתכן נתיב תח""צ, איסור פנייה או מסוף — לבדיקה."
"ספק","843","אגד","ניווט","צומת אולגה","צומת נחל חדרה","","1.323","2","2.6","1.33","32.43823","34.89157","המסלול בין התחנות ארוך פי 1.33 מהדרך הקצרה ברכב (4001 מ', מאותו כביש ובאותו כיוון נסיעה). ייתכן נתיב תח""צ, איסור פנייה או מסוף — לבדיקה."
"ספק","825","אגד","ניווט","צומת אולגה","צומת נחל חדרה","","1.323","22","29.1","1.33","32.43823","34.89157","המסלול בין התחנות ארוך פי 1.33 מהדרך הקצרה ברכב (4001 מ', מאותו כביש ובאותו כיוון נסיעה). ייתכן נתיב תח""צ, איסור פנייה או מסוף — לבדיקה."
"ספק","840","אגד","ניווט","צומת אולגה","צומת נחל חדרה","","1.323","4","5.3","1.33","32.43823","34.89157","המסלול בין התחנות ארוך פי 1.33 מהדרך הקצרה ברכב (4001 מ', מאותו כביש ובאותו כיוון נסיעה). ייתכן נתיב תח""צ, איסור פנייה או מסוף — לבדיקה."
"ספק","632","קווים","ניווט","צומת אולגה","צומת נחל חדרה","","1.323","12","15.9","1.33","32.43823","34.89157","המסלול בין התחנות ארוך פי 1.33 מהדרך הקצרה ברכב (4001 מ', מאותו כביש ובאותו כיוון נסיעה). ייתכן נתיב תח""צ, איסור פנייה או מסוף — לבדיקה."
"ספק","110","קווים","ניווט","ת. מרכזית מודיעין מכבים רעות","עירייה","","1.323","1","1.3","2.26","31.89992","35.00659","המסלול בין התחנות ארוך פי 2.26 מהדרך הקצרה ברכב (1054 מ', מאותו כביש ובאותו כיוון נסיעה). ייתכן נתיב תח""צ, איסור פנייה או מסוף — לבדיקה."
"ספק","49","סופרבוס","ניווט","מיטב ג","פרזון א","","1.316","4","5.3","2.15","32.54601","35.30208","המסלול בין התחנות ארוך פי 2.15 מהדרך הקצרה ברכב (1148 מ', מאותו כביש ובאותו כיוון נסיעה). ייתכן נתיב תח""צ, איסור פנייה או מסוף — לבדיקה."
"ספק","10","דן בדרום","ניווט","בני נצרים","נווה","","1.315","7","9.2","1.34","31.14103","34.31874","המסלול בין התחנות ארוך פי 1.34 מהדרך הקצרה ברכב (3892 מ', מאותו כביש ובאותו כיוון נסיעה). ייתכן נתיב תח""צ, איסור פנייה או מסוף — לבדיקה."
"ספק","49","סופרבוס","ניווט","מיטב ב","פרזון א","","1.314","5","6.6","1.9","32.54507","35.30011","המסלול בין התחנות ארוך פי 1.90 מהדרך הקצרה ברכב (1465 מ', מאותו כביש ובאותו כיוון נסיעה). ייתכן נתיב תח""צ, איסור פנייה או מסוף — לבדיקה."
"ספק","72","נסיעות ותיירות","ניווט","בי''ס מקיף א","מגאר א'/כניסה דרומית","","1.295","3","3.9","1.61","32.88077","35.4211","המסלול בין התחנות ארוך פי 1.61 מהדרך הקצרה ברכב (2135 מ', מאותו כביש ובאותו כיוון נסיעה). ייתכן נתיב תח""צ, איסור פנייה או מסוף — לבדיקה."
"ספק","19","סופרבוס","ניווט","קיבוץ שלוחות","קיבוץ רשפים","","1.281","6","7.7","1.73","32.47151","35.48101","המסלול בין התחנות ארוך פי 1.73 מהדרך הקצרה ברכב (1754 מ', מאותו כביש ובאותו כיוון נסיעה). ייתכן נתיב תח""צ, איסור פנייה או מסוף — לבדיקה."
"ספק","81א","אגד","ניווט","הר סיני/סעדיה גאון","רבי יהודה הנשיא/הרב חיים דוד הלוי","","1.265","1","1.3","2.16","31.94604","34.82745","המסלול בין התחנות ארוך פי 2.16 מהדרך הקצרה ברכב (1094 מ', מאותו כביש ובאותו כיוון נסיעה). ייתכן נתיב תח""צ, איסור פנייה או מסוף — לבדיקה."
"ספק","53","אגד","ניווט","השמורה/הפנינה","החלוצים/צור","","1.261","2","2.5","2.53","32.56554","34.94172","המסלול בין התחנות ארוך פי 2.53 מהדרך הקצרה ברכב (826 מ', מאותו כביש ובאותו כיוון נסיעה). ייתכן נתיב תח""צ, איסור פנייה או מסוף — לבדיקה."
"ספק","19","סופרבוס","ניווט","קיבוץ רשפים","קיבוץ שלוחות","","1.248","7","8.7","1.72","32.48343","35.47822","המסלול בין התחנות ארוך פי 1.72 מהדרך הקצרה ברכב (1731 מ', מאותו כביש ובאותו כיוון נסיעה). ייתכן נתיב תח""צ, איסור פנייה או מסוף — לבדיקה."
"אמיתי","18","מועצה אזורית גולן","detour","אזור תעשייה בני יהודה","מסעף א.ת. בני יהודה","24","1.242","4","5","1.92","32.80163","35.71606","המסלול מתקדם ואז חוזר 238 מ' לאחור על צירו (לולאה/הלוך-חזור) בין ""אזור תעשייה בני יהודה"" ל-""מסעף א.ת. בני יהודה"", בעוד קו 24 עובר ישר — נסיעה כפולה על אותו כביש, עיקוף אמיתי. המדידה מתחילה מתחנת-התקלה, ללא תלות בכיוון-ההגעה הקודם."
"ספק","83","אגד","ניווט","בית ספר בית יעקב/אבן גבירול","גאולה/רבי עקיבא","","1.229","1","1.2","1.34","32.80378","35.00778","המסלול בין התחנות ארוך פי 1.34 מהדרך הקצרה ברכב (3608 מ', מאותו כביש ובאותו כיוון נסיעה). ייתכן נתיב תח""צ, איסור פנייה או מסוף — לבדיקה."
"ספק","2","נתיב אקספרס","ניווט","אשכולות /אתרוג","מצדה/חרמון","","1.225","19","23.3","1.8","33.00584","35.27707","המסלול בין התחנות ארוך פי 1.80 מהדרך הקצרה ברכב (1526 מ', מאותו כביש ובאותו כיוון נסיעה). ייתכן נתיב תח""צ, איסור פנייה או מסוף — לבדיקה."
"ספק","2","נתיב אקספרס","ניווט","אשכולות /אתרוג","מצדה/חרמון","","1.225","3","3.7","1.8","33.00584","35.27707","המסלול בין התחנות ארוך פי 1.80 מהדרך הקצרה ברכב (1526 מ', מאותו כביש ובאותו כיוון נסיעה). ייתכן נתיב תח""צ, איסור פנייה או מסוף — לבדיקה."
"אמיתי","140","מטרופולין","detour","אשלים מרכז","צומת אשלים","44","1.211","2","2.4","2.42","30.9633","34.70088","המסלול מתקדם ואז חוזר 576 מ' לאחור על צירו (לולאה/הלוך-חזור) בין ""אשלים מרכז"" ל-""צומת אשלים"", בעוד קו 44 עובר ישר — נסיעה כפולה על אותו כביש, עיקוף אמיתי. המדידה מתחילה מתחנת-התקלה, ללא תלות בכיוון-ההגעה הקודם."
"ספק","34","קווים","ניווט","אביעזר/מרכז ב","אביעזר/מרכז ג","","1.209","6","7.3","3.5","31.68291","35.01679","המסלול בין התחנות ארוך פי 3.50 מהדרך הקצרה ברכב (484 מ', מאותו כביש ובאותו כיוון נסיעה). ייתכן נתיב תח""צ, איסור פנייה או מסוף — לבדיקה."
"ספק","630","תנופה","ניווט","בי''ח שערי צדק/בייט","שדרות יצחק רבין/נתנאל לורך","","1.207","5","6","1.47","31.77423","35.18602","המסלול בין התחנות ארוך פי 1.47 מהדרך הקצרה ברכב (2561 מ', מאותו כביש ובאותו כיוון נסיעה). ייתכן נתיב תח""צ, איסור פנייה או מסוף — לבדיקה."
"ספק","284","קווים","ניווט","משרד החוץ/שד' רבין","שדרות הרצל/הר הרצל","","1.206","2","2.4","1.4","31.78289","35.20221","המסלול בין התחנות ארוך פי 1.40 מהדרך הקצרה ברכב (2987 מ', מאותו כביש ובאותו כיוון נסיעה). ייתכן נתיב תח""צ, איסור פנייה או מסוף — לבדיקה."
"אמיתי","62","אגד","detour","הכובשים/החלוצים","הכובשים/החיטה","5","1.183","1","1.2","2.83","32.56627","34.94461","הקו סוטה הצידה עד 540 מ' מהקו הישר (מול ~10 מ' בקו 5) — בליטה ייחודית, עיקוף אמיתי."
"ספק","205","מטרופולין","ניווט","מסוף יהוד/הורדה","וייצמן / צבי ישי","","1.176","34","40","2.46","32.02721","34.89129","המסלול בין התחנות ארוך פי 2.46 מהדרך הקצרה ברכב (808 מ', מאותו כביש ובאותו כיוון נסיעה). ייתכן נתיב תח""צ, איסור פנייה או מסוף — לבדיקה."
"ספק","309","נסיעות ותיירות","ניווט","עדי/הזית","הרדוף/יציאה","","1.167","7","8.2","1.37","32.7844","35.17497","המסלול בין התחנות ארוך פי 1.37 מהדרך הקצרה ברכב (3168 מ', מאותו כביש ובאותו כיוון נסיעה). ייתכן נתיב תח""צ, איסור פנייה או מסוף — לבדיקה."
"ספק","52","נתיב אקספרס","ניווט","תיכון עמל","קאנטרי הגליל","","1.16","13","15.1","6.55","32.97119","35.29905","המסלול בין התחנות ארוך פי 6.55 מהדרך הקצרה ברכב (209 מ', מאותו כביש ובאותו כיוון נסיעה). ייתכן נתיב תח""צ, איסור פנייה או מסוף — לבדיקה."
"ספק","392","אגד","ניווט","מחנה חיון","מחנה צוקי עובדה","","1.149","4","4.6","1.57","30.03279","34.94204","המסלול בין התחנות ארוך פי 1.57 מהדרך הקצרה ברכב (2001 מ', מאותו כביש ובאותו כיוון נסיעה). ייתכן נתיב תח""צ, איסור פנייה או מסוף — לבדיקה."
"ספק","265","נתיב אקספרס","ניווט","אצטדיון/כביש 781","צומת אעבלין מזרח","","1.144","9","10.3","1.52","32.8279","35.20092","המסלול בין התחנות ארוך פי 1.52 מהדרך הקצרה ברכב (2182 מ', מאותו כביש ובאותו כיוון נסיעה). ייתכן נתיב תח""צ, איסור פנייה או מסוף — לבדיקה."
"אמיתי","36","מטרופולין","detour","צומת משאבים","קיבוץ משאבי שדה","45","1.1","1","1.1","1.54","31.01056","34.78095","סטייה של 1.1 ק""מ במקטע אחד מול קו 45 (יחס פי 1.54) — מסלול עוקף ממשי, עיקוף אמיתי."
"אמיתי","18","מועצה אזורית גולן","detour","אזור תעשייה בני יהודה","מסעף א.ת. בני יהודה","19","1.084","2","2.2","1.79","32.80163","35.71606","המסלול מתקדם ואז חוזר 237 מ' לאחור על צירו (לולאה/הלוך-חזור) בין ""אזור תעשייה בני יהודה"" ל-""מסעף א.ת. בני יהודה"", בעוד קו 19 עובר ישר — נסיעה כפולה על אותו כביש, עיקוף אמיתי. המדידה מתחילה מתחנת-התקלה, ללא תלות בכיוון-ההגעה הקודם."
"ספק","13","דן בדרום","ניווט","נתרן/אשלגן","ישראל פולק/צורן","","1.074","1","1.1","3.15","31.5905","34.78012","המסלול בין התחנות ארוך פי 3.15 מהדרך הקצרה ברכב (500 מ', מאותו כביש ובאותו כיוון נסיעה). ייתכן נתיב תח""צ, איסור פנייה או מסוף — לבדיקה."
"ספק","340","אלקטרה אפיקים","ניווט","יצחק רבין/מנחם בגין","'ביצרון ה","","1.044","13","13.6","1.53","31.79031","34.75742","המסלול בין התחנות ארוך פי 1.53 מהדרך הקצרה ברכב (1952 מ', מאותו כביש ובאותו כיוון נסיעה). ייתכן נתיב תח""צ, איסור פנייה או מסוף — לבדיקה."
"ספק","36","אלקטרה אפיקים","ניווט","כביש 3922/הרב יחיא אלקשמה","'ביצרון ה","","1.04","10","10.4","1.57","31.79382","34.76031","המסלול בין התחנות ארוך פי 1.57 מהדרך הקצרה ברכב (1836 מ', מאותו כביש ובאותו כיוון נסיעה). ייתכן נתיב תח""צ, איסור פנייה או מסוף — לבדיקה."
"ספק","107","קווים","ניווט","קמפוס ברושים/שלום רוזנפלד","מוזאון ארץ ישראל/חיים לבנון","","1.039","1","1","2.71","32.10671","34.80279","המסלול בין התחנות ארוך פי 2.71 מהדרך הקצרה ברכב (608 מ', מאותו כביש ובאותו כיוון נסיעה). ייתכן נתיב תח""צ, איסור פנייה או מסוף — לבדיקה."
"ספק","271","אגד","ניווט","קמפוס ברושים/שלום רוזנפלד","מכון הנפט/חיים לבנון","","1.039","69","71.7","4.34","32.10671","34.80279","המסלול בין התחנות ארוך פי 4.34 מהדרך הקצרה ברכב (311 מ', מאותו כביש ובאותו כיוון נסיעה). ייתכן נתיב תח""צ, איסור פנייה או מסוף — לבדיקה."
"ספק","506","קווים","ניווט","קמפוס ברושים/שלום רוזנפלד","מכון הנפט/חיים לבנון","","1.039","28","29.1","4.34","32.10671","34.80279","המסלול בין התחנות ארוך פי 4.34 מהדרך הקצרה ברכב (311 מ', מאותו כביש ובאותו כיוון נסיעה). ייתכן נתיב תח""צ, איסור פנייה או מסוף — לבדיקה."
"ספק","474","קווים","ניווט","קמפוס ברושים/שלום רוזנפלד","מכון הנפט/חיים לבנון","","1.039","3","3.1","4.34","32.10671","34.80279","המסלול בין התחנות ארוך פי 4.34 מהדרך הקצרה ברכב (311 מ', מאותו כביש ובאותו כיוון נסיעה). ייתכן נתיב תח""צ, איסור פנייה או מסוף — לבדיקה."
"ספק","450","קווים","ניווט","קמפוס ברושים/שלום רוזנפלד","מכון הנפט/חיים לבנון","","1.039","5","5.2","4.34","32.10671","34.80279","המסלול בין התחנות ארוך פי 4.34 מהדרך הקצרה ברכב (311 מ', מאותו כביש ובאותו כיוון נסיעה). ייתכן נתיב תח""צ, איסור פנייה או מסוף — לבדיקה."
"ספק","100","אגד","ניווט","סופרלנד/שדרות מינסטר","חונים נוסעים ראשון לציון/דרך ההצלחה","","1.027","76","78","1.5","31.97917","34.74253","המסלול בין התחנות ארוך פי 1.50 מהדרך הקצרה ברכב (2067 מ', מאותו כביש ובאותו כיוון נסיעה). ייתכן נתיב תח""צ, איסור פנייה או מסוף — לבדיקה."
"ספק","42","סופרבוס","ניווט","אום אל גנם/יציאה","צומת תבור","","1.023","10","10.2","1.59","32.67404","35.39183","המסלול בין התחנות ארוך פי 1.59 מהדרך הקצרה ברכב (1730 מ', מאותו כביש ובאותו כיוון נסיעה). ייתכן נתיב תח""צ, איסור פנייה או מסוף — לבדיקה."
"אמיתי","52","אגד","detour","שדרות בן גוריון/בית ספר החורש","שדרות בן גוריון/הכרכום","3","1.021","2","2","2.48","32.58263","34.95104","סטייה של 1.0 ק""מ במקטע אחד מול קו 3 (יחס פי 2.48) — מסלול עוקף ממשי, עיקוף אמיתי."
"ספק","9","אגד","ניווט","מחנה בן עמי","מחנה בן עמי/יציאה","","1.017","27","27.5","3.12","31.97762","34.9419","המסלול בין התחנות ארוך פי 3.12 מהדרך הקצרה ברכב (480 מ', מאותו כביש ובאותו כיוון נסיעה). ייתכן נתיב תח""צ, איסור פנייה או מסוף — לבדיקה."
"ספק","322","אלקטרה אפיקים","ניווט","מחלף גהה","דרך אם המושבות/המכבים","","1.012","1","1","1.42","32.09203","34.84716","המסלול בין התחנות ארוך פי 1.42 מהדרך הקצרה ברכב (2386 מ', מאותו כביש ובאותו כיוון נסיעה). ייתכן נתיב תח""צ, איסור פנייה או מסוף — לבדיקה."
"ספק","24","אלקטרה אפיקים תחבורה","ניווט","דרך צמח השדה/העירית","דרך צמח השדה/הצוף","","1.011","13","13.1","4.1","31.7692","35.30537","המסלול בין התחנות ארוך פי 4.10 מהדרך הקצרה ברכב (326 מ', מאותו כביש ובאותו כיוון נסיעה). ייתכן נתיב תח""צ, איסור פנייה או מסוף — לבדיקה."
"ספק","429","דרך אגד עוטף ירושלים","ניווט","מחלף גהה","אברבנאל/הרב נורוק","","1.005","2","2","2.04","32.09203","34.84716","המסלול בין התחנות ארוך פי 2.04 מהדרך הקצרה ברכב (965 מ', מאותו כביש ובאותו כיוון נסיעה). ייתכן נתיב תח""צ, איסור פנייה או מסוף — לבדיקה."
"ספק","56","מטרופולין","ניווט","דרך העצמאות/סעדיה חתוכה","וייצמן / צבי ישי","","0.989","46","45.5","2.42","32.02812","34.88974","המסלול בין התחנות ארוך פי 2.42 מהדרך הקצרה ברכב (694 מ', מאותו כביש ובאותו כיוון נסיעה). ייתכן נתיב תח""צ, איסור פנייה או מסוף — לבדיקה."
"אמיתי","784","אקסטרה ירושלים","detour","שפע חיים/שדרות גולדה מאיר","הרטום/שדרות גולדה מאיר","54","0.987","1","1","6.16","31.79877","35.21328","הקו סוטה הצידה עד 460 מ' מהקו הישר (מול ~2 מ' בקו 54) — בליטה ייחודית, עיקוף אמיתי."
"ספק","296","תנופה","ניווט","בן גוריון/בר כוכבא","הדר/קלישר","","0.984","1","1","1.58","32.15767","34.84253","המסלול בין התחנות ארוך פי 1.58 מהדרך הקצרה ברכב (1703 מ', מאותו כביש ובאותו כיוון נסיעה). ייתכן נתיב תח""צ, איסור פנייה או מסוף — לבדיקה."
"ספק","19","קווים","ניווט","הנורית/מחתרת","הנוטר/הניצן","","0.973","1","1","3.35","32.277","34.88348","המסלול בין התחנות ארוך פי 3.35 מהדרך הקצרה ברכב (414 מ', מאותו כביש ובאותו כיוון נסיעה). ייתכן נתיב תח""צ, איסור פנייה או מסוף — לבדיקה."
"ספק","1","קווים","ניווט","הנורית/מחתרת","הנוטר/הניצן","","0.973","2","1.9","3.35","32.277","34.88348","המסלול בין התחנות ארוך פי 3.35 מהדרך הקצרה ברכב (414 מ', מאותו כביש ובאותו כיוון נסיעה). ייתכן נתיב תח""צ, איסור פנייה או מסוף — לבדיקה."
"ספק","86","נתיב אקספרס","ניווט","קניון תרשיחא","בית ספר מעליא","","0.968","1","1","1.39","33.01395","35.26741","המסלול בין התחנות ארוך פי 1.39 מהדרך הקצרה ברכב (2467 מ', מאותו כביש ובאותו כיוון נסיעה). ייתכן נתיב תח""צ, איסור פנייה או מסוף — לבדיקה."
"אמיתי","18","תנופה","detour","אלקנה/שכונה צפונית","שיר השירים/גינת האגוז","20","0.961","4","3.8","1.48","32.11825","35.03897","סטייה של 1.0 ק""מ במקטע אחד מול קו 20 (יחס פי 1.48) — מסלול עוקף ממשי, עיקוף אמיתי."
"ספק","37","אלקטרה אפיקים","ניווט","יצחק רבין/מנחם בגין","'ביצרון ה","","0.958","20","19.2","1.49","31.79031","34.75742","המסלול בין התחנות ארוך פי 1.49 מהדרך הקצרה ברכב (1952 מ', מאותו כביש ובאותו כיוון נסיעה). ייתכן נתיב תח""צ, איסור פנייה או מסוף — לבדיקה."
"ספק","336","אלקטרה אפיקים","ניווט","יצחק רבין/מנחם בגין","'ביצרון ה","","0.958","2","1.9","1.49","31.79031","34.75742","המסלול בין התחנות ארוך פי 1.49 מהדרך הקצרה ברכב (1952 מ', מאותו כביש ובאותו כיוון נסיעה). ייתכן נתיב תח""צ, איסור פנייה או מסוף — לבדיקה."
"ספק","145","מטרופולין","ניווט","עבד אל כרים קאסם/אל ח'ליל","א סולטאני/עומר בן אל ח'טאב","","0.956","6","5.7","1.7","32.11834","34.96741","המסלול בין התחנות ארוך פי 1.70 מהדרך הקצרה ברכב (1371 מ', מאותו כביש ובאותו כיוון נסיעה). ייתכן נתיב תח""צ, איסור פנייה או מסוף — לבדיקה."
"ספק","145","מטרופולין","ניווט","עבד אל כרים קאסם/אל ח'ליל","א סולטאני/עומר בן אל ח'טאב","","0.956","3","2.9","1.7","32.11834","34.96741","המסלול בין התחנות ארוך פי 1.70 מהדרך הקצרה ברכב (1371 מ', מאותו כביש ובאותו כיוון נסיעה). ייתכן נתיב תח""צ, איסור פנייה או מסוף — לבדיקה."
"ספק","637","תנופה","ניווט","שפע חיים/שדרות גולדה מאיר","בן גוריון/שערי ירושלים","","0.951","6","5.7","1.38","31.79877","35.21328","המסלול בין התחנות ארוך פי 1.38 מהדרך הקצרה ברכב (2472 מ', מאותו כביש ובאותו כיוון נסיעה). ייתכן נתיב תח""צ, איסור פנייה או מסוף — לבדיקה."
"ספק","639","תנופה","ניווט","שפע חיים/שדרות גולדה מאיר","בן גוריון/שערי ירושלים","","0.951","7","6.7","1.38","31.79877","35.21328","המסלול בין התחנות ארוך פי 1.38 מהדרך הקצרה ברכב (2472 מ', מאותו כביש ובאותו כיוון נסיעה). ייתכן נתיב תח""צ, איסור פנייה או מסוף — לבדיקה."
"לא ניתן להשוואה","93","אגד","detour","צופית/חסידה","חוחית/צופית","701","0.948","2","1.9","7.03","32.56388","34.96299","לא ניתן להשוואה — כיווניות מנוגדת: קו 701 מגיע לתחנה המשותפת מצד מנוגד (הפרש וקטור הגעה 122° > 90°). הקווים על צירי נסיעה הפוכים — אין בסיס להשוואת מרחקים."
"אמיתי","882","סופרבוס","detour","הסינמטק/דרך חברון","דרך חברון/מרים החשמונאית","232","0.943","2","1.9","1.77","31.7706","35.2255","הקו סוטה הצידה עד 513 מ' מהקו הישר (מול ~120 מ' בקו 232) — בליטה ייחודית, עיקוף אמיתי."
"אמיתי","73","ש.א.מ","detour","גלעד/דרך הגליל","אזור תעשיה ב","76","0.935","1","0.9","1.94","32.7012","35.33066","המסלול מתקדם ואז חוזר 219 מ' לאחור על צירו (לולאה/הלוך-חזור) בין ""גלעד/דרך הגליל"" ל-""אזור תעשיה ב"", בעוד קו 76 עובר ישר — נסיעה כפולה על אותו כביש, עיקוף אמיתי. המדידה מתחילה מתחנת-התקלה, ללא תלות בכיוון-ההגעה הקודם."
"ספק","27","אלקטרה אפיקים","ניווט","יצחק רבין/מנחם בגין","'ביצרון ה","","0.934","21","19.6","1.48","31.79031","34.75742","המסלול בין התחנות ארוך פי 1.48 מהדרך הקצרה ברכב (1952 מ', מאותו כביש ובאותו כיוון נסיעה). ייתכן נתיב תח""צ, איסור פנייה או מסוף — לבדיקה."
"ספק","38א","אלקטרה אפיקים","ניווט","יצחק רבין/מנחם בגין","'ביצרון ה","","0.934","4","3.7","1.48","31.79031","34.75742","המסלול בין התחנות ארוך פי 1.48 מהדרך הקצרה ברכב (1952 מ', מאותו כביש ובאותו כיוון נסיעה). ייתכן נתיב תח""צ, איסור פנייה או מסוף — לבדיקה."
"ספק","795","אגד","ניווט","דרך בן גוריון/כצנלסון","קפלן/השבעה","","0.928","1","0.9","2.21","32.01595","34.81496","המסלול בין התחנות ארוך פי 2.21 מהדרך הקצרה ברכב (768 מ', מאותו כביש ובאותו כיוון נסיעה). ייתכן נתיב תח""צ, איסור פנייה או מסוף — לבדיקה."
"ספק","95","אגד","ניווט","דרך בן גוריון/כצנלסון","קפלן/השבעה","","0.928","22","20.4","2.21","32.01595","34.81496","המסלול בין התחנות ארוך פי 2.21 מהדרך הקצרה ברכב (768 מ', מאותו כביש ובאותו כיוון נסיעה). ייתכן נתיב תח""צ, איסור פנייה או מסוף — לבדיקה."
"ספק","2","קווים","ניווט","תרשיש/לשם","קדם/הסלע","","0.918","3","2.8","3","31.994","34.94534","המסלול בין התחנות ארוך פי 3.00 מהדרך הקצרה ברכב (459 מ', מאותו כביש ובאותו כיוון נסיעה). ייתכן נתיב תח""צ, איסור פנייה או מסוף — לבדיקה."
"ספק","336","אלקטרה אפיקים","ניווט","בי''ס לכבאות/רחבעם זאבי","מתחם פלאנט","","0.914","2","1.8","1.48","31.99291","34.74513","המסלול בין התחנות ארוך פי 1.48 מהדרך הקצרה ברכב (1900 מ', מאותו כביש ובאותו כיוון נסיעה). ייתכן נתיב תח""צ, איסור פנייה או מסוף — לבדיקה."
"ספק","11","אגד","ניווט","מרכז ביג/הסתת","בית אלמוג/המלאכה","","0.908","4","3.6","2.36","29.56766","34.9597","המסלול בין התחנות ארוך פי 2.36 מהדרך הקצרה ברכב (667 מ', מאותו כביש ובאותו כיוון נסיעה). ייתכן נתיב תח""צ, איסור פנייה או מסוף — לבדיקה."
"ספק","11","אגד","ניווט","מרכז ביג/הסתת","בית אלמוג/המלאכה","","0.908","4","3.6","2.36","29.56766","34.9597","המסלול בין התחנות ארוך פי 2.36 מהדרך הקצרה ברכב (667 מ', מאותו כביש ובאותו כיוון נסיעה). ייתכן נתיב תח""צ, איסור פנייה או מסוף — לבדיקה."
"ספק","19","קווים","ניווט","הנורית/מחתרת","הנוטר/הניצן","","0.907","1","0.9","3.19","32.277","34.88348","המסלול בין התחנות ארוך פי 3.19 מהדרך הקצרה ברכב (414 מ', מאותו כביש ובאותו כיוון נסיעה). ייתכן נתיב תח""צ, איסור פנייה או מסוף — לבדיקה."
"ספק","1","קווים","ניווט","הנורית/מחתרת","הנוטר/הניצן","","0.907","2","1.8","3.19","32.277","34.88348","המסלול בין התחנות ארוך פי 3.19 מהדרך הקצרה ברכב (414 מ', מאותו כביש ובאותו כיוון נסיעה). ייתכן נתיב תח""צ, איסור פנייה או מסוף — לבדיקה."
"ספק","5","קווים","ניווט","הנורית/מחתרת","הנוטר/הניצן","","0.907","1","0.9","3.19","32.277","34.88348","המסלול בין התחנות ארוך פי 3.19 מהדרך הקצרה ברכב (414 מ', מאותו כביש ובאותו כיוון נסיעה). ייתכן נתיב תח""צ, איסור פנייה או מסוף — לבדיקה."
"ספק","23","קווים","ניווט","הנורית/מחתרת","הנוטר/הניצן","","0.907","2","1.8","3.19","32.277","34.88348","המסלול בין התחנות ארוך פי 3.19 מהדרך הקצרה ברכב (414 מ', מאותו כביש ובאותו כיוון נסיעה). ייתכן נתיב תח""צ, איסור פנייה או מסוף — לבדיקה."
"ספק","90","נתיב אקספרס","ניווט","אולפנת אמית","אולפנת אמית","","0.906","1","0.9","7.82","32.96561","35.49989","המסלול בין התחנות ארוך פי 7.82 מהדרך הקצרה ברכב (133 מ', מאותו כביש ובאותו כיוון נסיעה). ייתכן נתיב תח""צ, איסור פנייה או מסוף — לבדיקה."
"אמיתי","63","אגד","detour","כנפי נשרים/ברק","גאולים/כנפי נשרים","1","0.903","1","0.9","6.22","32.56047","34.96412","סטייה של 0.9 ק""מ במקטע אחד מול קו 1 (יחס פי 6.22) — מסלול עוקף ממשי, עיקוף אמיתי."
"אמיתי","70","אגד","detour","כנפי נשרים/ברק","גאולים/כנפי נשרים","1","0.903","1","0.9","6.22","32.56047","34.96412","סטייה של 0.9 ק""מ במקטע אחד מול קו 1 (יחס פי 6.22) — מסלול עוקף ממשי, עיקוף אמיתי."
"ספק","19","מטרופולין","ניווט","הדרים/דרך האורנים","הדרים/דום הדקל","","0.897","5","4.5","1.78","32.2101","34.90089","המסלול בין התחנות ארוך פי 1.78 מהדרך הקצרה ברכב (1147 מ', מאותו כביש ובאותו כיוון נסיעה). ייתכן נתיב תח""צ, איסור פנייה או מסוף — לבדיקה."
"ספק","19","מטרופולין","ניווט","הדרים/דרך האורנים","הדרים/דום הדקל","","0.897","4","3.6","1.78","32.2101","34.90089","המסלול בין התחנות ארוך פי 1.78 מהדרך הקצרה ברכב (1147 מ', מאותו כביש ובאותו כיוון נסיעה). ייתכן נתיב תח""צ, איסור פנייה או מסוף — לבדיקה."
"ספק","350","סופרבוס","ניווט","אום אל גנם/יציאה","צומת תבור","","0.893","7","6.2","1.52","32.67404","35.39183","המסלול בין התחנות ארוך פי 1.52 מהדרך הקצרה ברכב (1730 מ', מאותו כביש ובאותו כיוון נסיעה). ייתכן נתיב תח""צ, איסור פנייה או מסוף — לבדיקה."
"ספק","350","סופרבוס","ניווט","אום אל גנם/יציאה","צומת תבור","","0.893","3","2.7","1.52","32.67404","35.39183","המסלול בין התחנות ארוך פי 1.52 מהדרך הקצרה ברכב (1730 מ', מאותו כביש ובאותו כיוון נסיעה). ייתכן נתיב תח""צ, איסור פנייה או מסוף — לבדיקה."
"אמיתי","482","אגד","detour","שדרות נווה יעקב/הרב פרדס","שדרות נווה יעקב/אחימאיר","53","0.884","4","3.5","2.88","31.84006","35.24006","המסלול מתקדם ואז חוזר 276 מ' לאחור על צירו (לולאה/הלוך-חזור) בין ""שדרות נווה יעקב/הרב פרדס"" ל-""שדרות נווה יעקב/אחימאיר"", בעוד קו 53 עובר ישר — נסיעה כפולה על אותו כביש, עיקוף אמיתי. המדידה מתחילה מתחנת-התקלה, ללא תלות בכיוון-ההגעה הקודם."
"ספק","796","קווים","ניווט","טכניון/בנין הספורט","צה''ל/חבצלת","","0.88","1","0.9","1.39","32.77895","35.01965","המסלול בין התחנות ארוך פי 1.39 מהדרך הקצרה ברכב (2260 מ', מאותו כביש ובאותו כיוון נסיעה). ייתכן נתיב תח""צ, איסור פנייה או מסוף — לבדיקה."
"ספק","50","נתיב אקספרס","ניווט","מסעף אלקוש","צומת אלקוש","","0.88","2","1.8","1.81","33.0373","35.32553","המסלול בין התחנות ארוך פי 1.81 מהדרך הקצרה ברכב (1093 מ', מאותו כביש ובאותו כיוון נסיעה). ייתכן נתיב תח""צ, איסור פנייה או מסוף — לבדיקה."
"ספק","294","נתיב אקספרס","ניווט","מסעף אלקוש","מסעף אלקוש צפון","","0.877","2","1.8","1.41","33.02327","35.32708","המסלול בין התחנות ארוך פי 1.41 מהדרך הקצרה ברכב (2135 מ', מאותו כביש ובאותו כיוון נסיעה). ייתכן נתיב תח""צ, איסור פנייה או מסוף — לבדיקה."
"ספק","50","נתיב אקספרס","ניווט","מסעף אלקוש","מסעף אלקוש צפון","","0.877","2","1.8","1.41","33.02327","35.32708","המסלול בין התחנות ארוך פי 1.41 מהדרך הקצרה ברכב (2135 מ', מאותו כביש ובאותו כיוון נסיעה). ייתכן נתיב תח""צ, איסור פנייה או מסוף — לבדיקה."
"ספק","34","דן בדרום","ניווט","דרור/קנריות","גילת/צרכניה","","0.856","3","2.6","2.3","31.33064","34.64874","המסלול בין התחנות ארוך פי 2.30 מהדרך הקצרה ברכב (657 מ', מאותו כביש ובאותו כיוון נסיעה). ייתכן נתיב תח""צ, איסור פנייה או מסוף — לבדיקה."
"ספק","34","דן בדרום","ניווט","צרכניה/גילת","דרור/אנפה","","0.856","3","2.6","2.22","31.32867","34.65222","המסלול בין התחנות ארוך פי 2.22 מהדרך הקצרה ברכב (699 מ', מאותו כביש ובאותו כיוון נסיעה). ייתכן נתיב תח""צ, איסור פנייה או מסוף — לבדיקה."
"ספק","95","אגד","ניווט","דרך בן גוריון/כצנלסון","קפלן/השבעה","","0.853","1","0.9","2.11","32.01595","34.81496","המסלול בין התחנות ארוך פי 2.11 מהדרך הקצרה ברכב (768 מ', מאותו כביש ובאותו כיוון נסיעה). ייתכן נתיב תח""צ, איסור פנייה או מסוף — לבדיקה."
"ספק","87","אגד","ניווט","דרך בן גוריון/כצנלסון","קפלן/השבעה","","0.853","43","36.7","2.11","32.01595","34.81496","המסלול בין התחנות ארוך פי 2.11 מהדרך הקצרה ברכב (768 מ', מאותו כביש ובאותו כיוון נסיעה). ייתכן נתיב תח""צ, איסור פנייה או מסוף — לבדיקה."
"לא ניתן להשוואה","441","דן בדרום","detour","חפץ חיים/מלון כפרי","כביש 3933/האלה","356","0.851","1","0.9","2.45","31.7909","34.79745","לא ניתן להשוואה — כיווניות מנוגדת: קו 356 מגיע לתחנה המשותפת מצד מנוגד (הפרש וקטור הגעה 114° > 90°). הקווים על צירי נסיעה הפוכים — אין בסיס להשוואת מרחקים."
"לא ניתן להשוואה","59","קווים","detour","רש''י/גני ילדים","רש''י/ראב''ד","2","0.847","1","0.8","6.34","31.93091","35.04989","לא ניתן להשוואה — כיווניות מנוגדת: קו 2 מגיע לתחנה המשותפת מצד מנוגד (הפרש וקטור הגעה 153° > 90°). הקווים על צירי נסיעה הפוכים — אין בסיס להשוואת מרחקים."
"ספק","208","אגד","ניווט","רכבל/העלייה השנייה","העליה השניה/אלישע","","0.847","7","5.9","3.68","32.83116","34.97094","המסלול בין התחנות ארוך פי 3.68 מהדרך הקצרה ברכב (317 מ', מאותו כביש ובאותו כיוון נסיעה). ייתכן נתיב תח""צ, איסור פנייה או מסוף — לבדיקה."
"ספק","40א","אגד","ניווט","רכבל/העלייה השנייה","העליה השניה/אלישע","","0.847","32","27.1","3.68","32.83116","34.97094","המסלול בין התחנות ארוך פי 3.68 מהדרך הקצרה ברכב (317 מ', מאותו כביש ובאותו כיוון נסיעה). ייתכן נתיב תח""צ, איסור פנייה או מסוף — לבדיקה."
"ספק","14","אגד","ניווט","רכבל/העלייה השנייה","העליה השניה/אלישע","","0.847","9","7.6","3.68","32.83116","34.97094","המסלול בין התחנות ארוך פי 3.68 מהדרך הקצרה ברכב (317 מ', מאותו כביש ובאותו כיוון נסיעה). ייתכן נתיב תח""צ, איסור פנייה או מסוף — לבדיקה."
"ספק","14","אגד","ניווט","רכבל/העלייה השנייה","העליה השניה/אלישע","","0.847","2","1.7","3.67","32.83116","34.97094","המסלול בין התחנות ארוך פי 3.67 מהדרך הקצרה ברכב (317 מ', מאותו כביש ובאותו כיוון נסיעה). ייתכן נתיב תח""צ, איסור פנייה או מסוף — לבדיקה."
"ספק","19","אגד","ניווט","רכבל/העלייה השנייה","העליה השניה/אלישע","","0.847","9","7.6","3.68","32.83116","34.97094","המסלול בין התחנות ארוך פי 3.68 מהדרך הקצרה ברכב (317 מ', מאותו כביש ובאותו כיוון נסיעה). ייתכן נתיב תח""צ, איסור פנייה או מסוף — לבדיקה."
"ספק","19","אגד","ניווט","רכבל/העלייה השנייה","העליה השניה/אלישע","","0.847","3","2.5","3.68","32.83116","34.97094","המסלול בין התחנות ארוך פי 3.68 מהדרך הקצרה ברכב (317 מ', מאותו כביש ובאותו כיוון נסיעה). ייתכן נתיב תח""צ, איסור פנייה או מסוף — לבדיקה."
"ספק","40א","אגד","ניווט","רכבל/העלייה השנייה","העליה השניה/אלישע","","0.847","2","1.7","3.68","32.83116","34.97094","המסלול בין התחנות ארוך פי 3.68 מהדרך הקצרה ברכב (317 מ', מאותו כביש ובאותו כיוון נסיעה). ייתכן נתיב תח""צ, איסור פנייה או מסוף — לבדיקה."
"ספק","16","אגד","ניווט","רכבל/העלייה השנייה","העליה השניה/אלישע","","0.847","45","38.1","3.68","32.83116","34.97094","המסלול בין התחנות ארוך פי 3.68 מהדרך הקצרה ברכב (317 מ', מאותו כביש ובאותו כיוון נסיעה). ייתכן נתיב תח""צ, איסור פנייה או מסוף — לבדיקה."
"ספק","36","דן בדרום","ניווט","הרכבת/מרכז מסחרי","צומת אבא הילל סילבר/לדרום","","0.847","5","4.2","2.34","31.67692","34.60621","המסלול בין התחנות ארוך פי 2.34 מהדרך הקצרה ברכב (630 מ', מאותו כביש ובאותו כיוון נסיעה). ייתכן נתיב תח""צ, איסור פנייה או מסוף — לבדיקה."
"ספק","99א","אגד","ניווט","רכבל/העלייה השנייה","העליה השניה/אלישע","","0.847","1","0.8","3.68","32.83116","34.97094","המסלול בין התחנות ארוך פי 3.68 מהדרך הקצרה ברכב (317 מ', מאותו כביש ובאותו כיוון נסיעה). ייתכן נתיב תח""צ, איסור פנייה או מסוף — לבדיקה."
"ספק","136","דן בדרום","ניווט","הרכבת/מרכז מסחרי","צומת אבא הילל סילבר/לדרום","","0.847","1","0.8","2.34","31.67692","34.60621","המסלול בין התחנות ארוך פי 2.34 מהדרך הקצרה ברכב (630 מ', מאותו כביש ובאותו כיוון נסיעה). ייתכן נתיב תח""צ, איסור פנייה או מסוף — לבדיקה."
"ספק","217","אגד","ניווט","רכבל/העלייה השנייה","העליה השניה/אלישע","","0.847","5","4.2","3.68","32.83116","34.97094","המסלול בין התחנות ארוך פי 3.68 מהדרך הקצרה ברכב (317 מ', מאותו כביש ובאותו כיוון נסיעה). ייתכן נתיב תח""צ, איסור פנייה או מסוף — לבדיקה."
"ספק","15","אגד","ניווט","צבי הורביץ/יום הכיפורים","ששת הימים/לוע הארי","","0.844","24","20.3","3.4","31.88239","34.78757","המסלול בין התחנות ארוך פי 3.40 מהדרך הקצרה ברכב (351 מ', מאותו כביש ובאותו כיוון נסיעה). ייתכן נתיב תח""צ, איסור פנייה או מסוף — לבדיקה."
"ספק","989","נתיב אקספרס","ניווט","הרצוג/עובדיה מברטנורא","הרצל/בנימין מינץ","","0.838","2","1.7","1.33","32.3422","34.85956","המסלול בין התחנות ארוך פי 1.33 מהדרך הקצרה ברכב (2541 מ', מאותו כביש ובאותו כיוון נסיעה). ייתכן נתיב תח""צ, איסור פנייה או מסוף — לבדיקה."
"לא ניתן להשוואה","356","סופרבוס","detour","מעלה יצחק/הרב פינחס מילר","בי''ס יודפת/דליה","74","0.837","18","15.1","2.24","32.72875","35.34118","לא ניתן להשוואה — קו 74 מתחיל/מסיים את מסלולו באחת התחנות (תחנת-קצה), ולכן אינו מסדרון-מעבר תקף: הוא עושה משם קפיצה ישירה קצרה, בעוד הקו הנבדק עשוי לבצע לולאת-שירות לגיטימית באמצע מסלולו. אין בסיס להשוואת מרחקים."
"לא ניתן להשוואה","356","סופרבוס","detour","מעלה יצחק/הרב פינחס מילר","בי''ס יודפת/דליה","74","0.837","3","2.5","2.24","32.72875","35.34118","לא ניתן להשוואה — קו 74 מתחיל/מסיים את מסלולו באחת התחנות (תחנת-קצה), ולכן אינו מסדרון-מעבר תקף: הוא עושה משם קפיצה ישירה קצרה, בעוד הקו הנבדק עשוי לבצע לולאת-שירות לגיטימית באמצע מסלולו. אין בסיס להשוואת מרחקים."
"ספק","6","סופרבוס","ניווט","אסתר המלכה","אסתר המלכה/תמר","","0.836","30","25.1","2.37","32.79817","35.5184","המסלול בין התחנות ארוך פי 2.37 מהדרך הקצרה ברכב (610 מ', מאותו כביש ובאותו כיוון נסיעה). ייתכן נתיב תח""צ, איסור פנייה או מסוף — לבדיקה."
"ספק","38","אגד","ניווט","חולדה מרכז","מסעף חולדה","","0.823","3","2.5","2.64","31.83169","34.87901","המסלול בין התחנות ארוך פי 2.64 מהדרך הקצרה ברכב (502 מ', מאותו כביש ובאותו כיוון נסיעה). ייתכן נתיב תח""צ, איסור פנייה או מסוף — לבדיקה."
"ספק","53","אגד","ניווט","חולדה מרכז","מסעף חולדה","","0.823","7","5.8","2.64","31.83169","34.87901","המסלול בין התחנות ארוך פי 2.64 מהדרך הקצרה ברכב (502 מ', מאותו כביש ובאותו כיוון נסיעה). ייתכן נתיב תח""צ, איסור פנייה או מסוף — לבדיקה."
"ספק","38","אגד","ניווט","חולדה מרכז","מסעף קיבוץ חולדה","","0.813","3","2.4","2.48","31.83169","34.87901","המסלול בין התחנות ארוך פי 2.48 מהדרך הקצרה ברכב (550 מ', מאותו כביש ובאותו כיוון נסיעה). ייתכן נתיב תח""צ, איסור פנייה או מסוף — לבדיקה."
"ספק","53","אגד","ניווט","חולדה מרכז","מסעף קיבוץ חולדה","","0.813","6","4.9","2.48","31.83169","34.87901","המסלול בין התחנות ארוך פי 2.48 מהדרך הקצרה ברכב (550 מ', מאותו כביש ובאותו כיוון נסיעה). ייתכן נתיב תח""צ, איסור פנייה או מסוף — לבדיקה."
"כיסוי לגיטימי","358","גי.בי.טורס","detour","מנזר המלאך גבריאל","נוף העמק/האיריס","5","0.81","7","5.7","1.96","32.67688","35.24727","וריאנט של הקו עוצר בתחנות-ביניים בתוך המקטע (כיסוי שכונה) — לא עיקוף מיותר, אלא בחירת מסלול שמשרתת נוסעים."
"ספק","333","אלקטרה אפיקים","ניווט","ת. מרכזית אשדוד/רציפים","קרן היסוד/הרב שאולי","","0.808","1","0.8","2.05","31.79093","34.63906","המסלול בין התחנות ארוך פי 2.05 מהדרך הקצרה ברכב (768 מ', מאותו כביש ובאותו כיוון נסיעה). ייתכן נתיב תח""צ, איסור פנייה או מסוף — לבדיקה."
"ספק","212","אלקטרה אפיקים","ניווט","ת. מרכזית אשדוד/רציפים","קרן היסוד/הרב שאולי","","0.808","25","20.2","2.05","31.79093","34.63906","המסלול בין התחנות ארוך פי 2.05 מהדרך הקצרה ברכב (768 מ', מאותו כביש ובאותו כיוון נסיעה). ייתכן נתיב תח""צ, איסור פנייה או מסוף — לבדיקה."
"ספק","323","אלקטרה אפיקים","ניווט","ת. מרכזית אשדוד/רציפים","קרן היסוד/הרב שאולי","","0.808","18","14.5","2.05","31.79093","34.63906","המסלול בין התחנות ארוך פי 2.05 מהדרך הקצרה ברכב (768 מ', מאותו כביש ובאותו כיוון נסיעה). ייתכן נתיב תח""צ, איסור פנייה או מסוף — לבדיקה."
"ספק","27","אלקטרה אפיקים","ניווט","ת. מרכזית אשדוד/רציפים","קרן היסוד/הרב שאולי","","0.808","14","11.3","2.05","31.79093","34.63906","המסלול בין התחנות ארוך פי 2.05 מהדרך הקצרה ברכב (768 מ', מאותו כביש ובאותו כיוון נסיעה). ייתכן נתיב תח""צ, איסור פנייה או מסוף — לבדיקה."
"ספק","280","אלקטרה אפיקים","ניווט","ת. מרכזית אשדוד/רציפים","קרן היסוד/הרב שאולי","","0.808","25","20.2","2.05","31.79093","34.63906","המסלול בין התחנות ארוך פי 2.05 מהדרך הקצרה ברכב (768 מ', מאותו כביש ובאותו כיוון נסיעה). ייתכן נתיב תח""צ, איסור פנייה או מסוף — לבדיקה."
"ספק","313","אלקטרה אפיקים","ניווט","ת. מרכזית אשדוד/רציפים","קרן היסוד/הרב שאולי","","0.808","9","7.3","2.05","31.79093","34.63906","המסלול בין התחנות ארוך פי 2.05 מהדרך הקצרה ברכב (768 מ', מאותו כביש ובאותו כיוון נסיעה). ייתכן נתיב תח""צ, איסור פנייה או מסוף — לבדיקה."
"ספק","312","אלקטרה אפיקים","ניווט","ת. מרכזית אשדוד/רציפים","קרן היסוד/הרב שאולי","","0.808","8","6.5","2.05","31.79093","34.63906","המסלול בין התחנות ארוך פי 2.05 מהדרך הקצרה ברכב (768 מ', מאותו כביש ובאותו כיוון נסיעה). ייתכן נתיב תח""צ, איסור פנייה או מסוף — לבדיקה."
"ספק","213","אלקטרה אפיקים","ניווט","ת. מרכזית אשדוד/רציפים","קרן היסוד/הרב שאולי","","0.808","6","4.8","2.05","31.79093","34.63906","המסלול בין התחנות ארוך פי 2.05 מהדרך הקצרה ברכב (768 מ', מאותו כביש ובאותו כיוון נסיעה). ייתכן נתיב תח""צ, איסור פנייה או מסוף — לבדיקה."
"ספק","81","אגד","ניווט","בית ספר רבין/דרך יותם","דקר/חלילן","","0.796","1","0.8","3.98","29.55413","34.93644","המסלול בין התחנות ארוך פי 3.98 מהדרך הקצרה ברכב (267 מ', מאותו כביש ובאותו כיוון נסיעה). ייתכן נתיב תח""צ, איסור פנייה או מסוף — לבדיקה."
"ספק","81","אגד","ניווט","בית ספר רבין/דרך יותם","דקר/חלילן","","0.796","2","1.6","3.98","29.55413","34.93644","המסלול בין התחנות ארוך פי 3.98 מהדרך הקצרה ברכב (267 מ', מאותו כביש ובאותו כיוון נסיעה). ייתכן נתיב תח""צ, איסור פנייה או מסוף — לבדיקה."
"אמיתי","93","אגד","detour","כנפי נשרים/ברק","גאולים/כנפי נשרים","1","0.794","2","1.6","5.59","32.56047","34.96412","סטייה של 0.8 ק""מ במקטע אחד מול קו 1 (יחס פי 5.59) — מסלול עוקף ממשי, עיקוף אמיתי."
"ספק","3","מטרופולין","ניווט","אל-קודס/יום אל-ארד","בי''ס ראנד/באב אל-חאן","","0.792","27","21.4","1.9","32.2276","34.9551","המסלול בין התחנות ארוך פי 1.90 מהדרך הקצרה ברכב (884 מ', מאותו כביש ובאותו כיוון נסיעה). ייתכן נתיב תח""צ, איסור פנייה או מסוף — לבדיקה."
"ספק","77","אגד","ניווט","מלל/יערי","המרגנית/צה''ל","","0.788","1","0.8","1.41","32.77959","35.01403","המסלול בין התחנות ארוך פי 1.41 מהדרך הקצרה ברכב (1907 מ', מאותו כביש ובאותו כיוון נסיעה). ייתכן נתיב תח""צ, איסור פנייה או מסוף — לבדיקה."
"ספק","326","אגד","ניווט","מתחם פלאנט","חיים ברלב/שדרות יצחק רבין","","0.781","2","1.6","1.42","31.9806","34.74823","המסלול בין התחנות ארוך פי 1.42 מהדרך הקצרה ברכב (1878 מ', מאותו כביש ובאותו כיוון נסיעה). ייתכן נתיב תח""צ, איסור פנייה או מסוף — לבדיקה."
"לא ניתן להשוואה","60","אגד","detour","ספרייה/הדגן","דרך שרה/קדמה","5","0.775","1","0.8","2.17","32.56948","34.95541","לא ניתן להשוואה — כיוון נסיעה הפוך: קו 5 עובר בין ""ספרייה/הדגן"" ל-""דרך שרה/קדמה"" בכיוון הפוך לזה של הקו הנבדק (B→A). ייתכן שהוא נוסע על רחובות חד-סטריים אחרים, ואורכו אינו מוכיח שקיים מסלול קצר יותר בכיוון הנבדק — אין בסיס להשוואת מרחקים."
"אמיתי","51","דן בדרום","detour","אלי סיני/קטיף","ירושלים/נתיביון","325","0.765","5","3.8","1.47","31.41305","34.57523","הקו סוטה הצידה עד 533 מ' מהקו הישר (מול ~129 מ' בקו 325) — בליטה ייחודית, עיקוף אמיתי."
"לא ניתן להשוואה","76","אגד","detour","מלל/יערי","צה''ל/חבצלת","296","0.75","1","0.8","1.36","32.77959","35.01403","לא ניתן להשוואה — כיווניות מנוגדת: קו 296 מגיע לתחנה המשותפת מצד מנוגד (הפרש וקטור הגעה 110° > 90°). הקווים על צירי נסיעה הפוכים — אין בסיס להשוואת מרחקים."
"אמיתי","6","דן בדרום","detour","נווה דקלים/כפר דרום","גני טל/נווה דקלים","4","0.745","49","36.5","3.96","31.41677","34.5701","המסלול מתקדם ואז חוזר 159 מ' לאחור על צירו (לולאה/הלוך-חזור) בין ""נווה דקלים/כפר דרום"" ל-""גני טל/נווה דקלים"", בעוד קו 4 עובר ישר — נסיעה כפולה על אותו כביש, עיקוף אמיתי. המדידה מתחילה מתחנת-התקלה, ללא תלות בכיוון-ההגעה הקודם."
"לא ניתן להשוואה","253","אלקטרה אפיקים","detour","ת. רכבת תל אביב - סבידור/דרך נמיר","דרך נמיר/פנקס","72","0.739","13","9.6","1.77","32.08348","34.79501","לא ניתן להשוואה — הקו הנבדק מגיע לתחנה ""ת. רכבת תל אביב - סבידור/דרך נמיר"" מתחנה קודמת (ת. רכבת תל אביב- סבידור/רציפים A) הרחוקה 374 מ' מזו של קו 72 (דרך נמיר/דרך מנחם בגין). צירי-הכניסה שונים לגמרי — הקווים אינם חולקים את אותו מקטע, אין בסיס להשוואת מרחקים."
"ספק","62","תנופה","ניווט","אולם אירועים/הגאון מוילנה","רבי מאיר מפרימישלן/הרב מירב","","0.738","1","0.7","1.83","32.16036","35.13534","המסלול בין התחנות ארוך פי 1.83 מהדרך הקצרה ברכב (885 מ', מאותו כביש ובאותו כיוון נסיעה). ייתכן נתיב תח""צ, איסור פנייה או מסוף — לבדיקה."
"ספק","228","אגד","ניווט","מתחם פלאנט","רחבעם זאבי/שדרות מינסטר","","0.723","29","21","1.42","31.9806","34.74823","המסלול בין התחנות ארוך פי 1.42 מהדרך הקצרה ברכב (1707 מ', מאותו כביש ובאותו כיוון נסיעה). ייתכן נתיב תח""צ, איסור פנייה או מסוף — לבדיקה."
"ספק","336","אלקטרה אפיקים","ניווט","המגינים/המלקוש","המגינים/בן גוריון","","0.716","4","2.9","1.94","31.794","34.70665","המסלול בין התחנות ארוך פי 1.94 מהדרך הקצרה ברכב (758 מ', מאותו כביש ובאותו כיוון נסיעה). ייתכן נתיב תח""צ, איסור פנייה או מסוף — לבדיקה."
"ספק","42א","אגד","ניווט","טובים/העתיד","טובים/מקורות","","0.697","8","5.6","2.66","32.80902","35.01507","המסלול בין התחנות ארוך פי 2.66 מהדרך הקצרה ברכב (420 מ', מאותו כביש ובאותו כיוון נסיעה). ייתכן נתיב תח""צ, איסור פנייה או מסוף — לבדיקה."
"ספק","278","ירושלים-רמאללה איחוד","ניווט","בית ספר כפאר עקב","אל כרז","","0.697","24","16.7","1.43","31.87601","35.21776","המסלול בין התחנות ארוך פי 1.43 מהדרך הקצרה ברכב (1619 מ', מאותו כביש ובאותו כיוון נסיעה). ייתכן נתיב תח""צ, איסור פנייה או מסוף — לבדיקה."
"ספק","84","קווים","ניווט","בי''ס ניסויי יחד מודיעין","מרדכי (מוטה) גור/עמק בית שאן","","0.695","3","2.1","4.65","31.91454","35.00078","המסלול בין התחנות ארוך פי 4.65 מהדרך הקצרה ברכב (190 מ', מאותו כביש ובאותו כיוון נסיעה). ייתכן נתיב תח""צ, איסור פנייה או מסוף — לבדיקה."
"לא ניתן להשוואה","96","סופרבוס","detour","כיכר הגיבורים/היסמין","בית ספר אורנים/לילך","97","0.692","1","0.7","3.43","32.65897","35.10943","לא ניתן להשוואה — קו 97 מתחיל/מסיים את מסלולו באחת התחנות (תחנת-קצה), ולכן אינו מסדרון-מעבר תקף: הוא עושה משם קפיצה ישירה קצרה, בעוד הקו הנבדק עשוי לבצע לולאת-שירות לגיטימית באמצע מסלולו. אין בסיס להשוואת מרחקים."
"ספק","10","אגד","ניווט","בית אלמוג/המלאכה","מרכז ביג/הסתת","","0.69","2","1.4","2.26","29.56363","34.95852","המסלול בין התחנות ארוך פי 2.26 מהדרך הקצרה ברכב (549 מ', מאותו כביש ובאותו כיוון נסיעה). ייתכן נתיב תח""צ, איסור פנייה או מסוף — לבדיקה."
"ספק","88","קווים","ניווט","בי''ס ניסויי יחד מודיעין","מרדכי (מוטה) גור/דוד אלעזר","","0.685","2","1.4","2.6","31.91454","35.00078","המסלול בין התחנות ארוך פי 2.60 מהדרך הקצרה ברכב (428 מ', מאותו כביש ובאותו כיוון נסיעה). ייתכן נתיב תח""צ, איסור פנייה או מסוף — לבדיקה."
"ספק","96","אגד","ניווט","דרך בן גוריון/כצנלסון","וייצמן/קפלן","","0.685","20","13.7","1.82","32.01595","34.81496","המסלול בין התחנות ארוך פי 1.82 מהדרך הקצרה ברכב (830 מ', מאותו כביש ובאותו כיוון נסיעה). ייתכן נתיב תח""צ, איסור פנייה או מסוף — לבדיקה."
"ספק","296","אגד","ניווט","דרך בן גוריון/כצנלסון","וייצמן/קפלן","","0.685","3","2.1","1.82","32.01595","34.81496","המסלול בין התחנות ארוך פי 1.82 מהדרך הקצרה ברכב (830 מ', מאותו כביש ובאותו כיוון נסיעה). ייתכן נתיב תח""צ, איסור פנייה או מסוף — לבדיקה."
"אמיתי","614","מטרופולין","detour","עזרא/דמשק אליעזר","עזרא/שלמה המלך","292","0.683","13","8.9","2.36","32.07656","34.83618","המסלול מתקדם ואז חוזר 199 מ' לאחור על צירו (לולאה/הלוך-חזור) בין ""עזרא/דמשק אליעזר"" ל-""עזרא/שלמה המלך"", בעוד קו 292 עובר ישר — נסיעה כפולה על אותו כביש, עיקוף אמיתי. המדידה מתחילה מתחנת-התקלה, ללא תלות בכיוון-ההגעה הקודם."
"לא ניתן להשוואה","102","אגד","detour","עליאש","ת. מרכזית ירושלים/יפו","262","0.679","1","0.7","1.41","31.7823","35.21554","לא ניתן להשוואה — סדר תחנות שונה: קו 262 עובר דרך 2 תחנת/ות ביניים נוספת/ות בין ""עליאש"" ל-""ת. מרכזית ירושלים/יפו"" (A→…→B), בעוד הקו הנבדק עובר ישירות. זו בחירת תכנון מסלול, לא עיקוף — אין משמעות ליחס-מרחקים."
"לא ניתן להשוואה","4","סופרבוס","detour","קרן היסוד/ששת הימים","ששת הימים/הנשיאים","15","0.675","27","18.2","4.61","32.67191","35.24359","לא ניתן להשוואה — קו 15 מתחיל/מסיים את מסלולו באחת התחנות (תחנת-קצה), ולכן אינו מסדרון-מעבר תקף: הוא עושה משם קפיצה ישירה קצרה, בעוד הקו הנבדק עשוי לבצע לולאת-שירות לגיטימית באמצע מסלולו. אין בסיס להשוואת מרחקים."
"ספק","39","נתיב אקספרס","ניווט","גולן/כביש 854","שדרות מ''ג המעפילים/מחלף יפה נוף","","0.675","8","5.4","1.59","33.00134","35.28163","המסלול בין התחנות ארוך פי 1.59 מהדרך הקצרה ברכב (1154 מ', מאותו כביש ובאותו כיוון נסיעה). ייתכן נתיב תח""צ, איסור פנייה או מסוף — לבדיקה."
"לא ניתן להשוואה","62","אגד","detour","נילי/קדש","הכובשים/הגדעונים","60","0.67","1","0.7","1.76","32.57156","34.94657","לא ניתן להשוואה — סדר תחנות שונה: קו 60 עובר דרך 2 תחנת/ות ביניים נוספת/ות בין ""נילי/קדש"" ל-""הכובשים/הגדעונים"" (A→…→B), בעוד הקו הנבדק עובר ישירות. זו בחירת תכנון מסלול, לא עיקוף — אין משמעות ליחס-מרחקים."
"ספק","99","נתיב אקספרס","ניווט","צומת נהריה","הרצל/המייסדים","","0.668","1","0.7","2.13","33.00606","35.09838","המסלול בין התחנות ארוך פי 2.13 מהדרך הקצרה ברכב (592 מ', מאותו כביש ובאותו כיוון נסיעה). ייתכן נתיב תח""צ, איסור פנייה או מסוף — לבדיקה."
"ספק","99","מטרופולין","ניווט","רבוצקי/דוד אלעזר","ציפמן/הגדנ''ע","","0.667","1","0.7","1.85","32.18273","34.88582","המסלול בין התחנות ארוך פי 1.85 מהדרך הקצרה ברכב (782 מ', מאותו כביש ובאותו כיוון נסיעה). ייתכן נתיב תח""צ, איסור פנייה או מסוף — לבדיקה."
"ספק","90","מטרופולין","ניווט","רבוצקי/דוד אלעזר","ציפמן/הגדנ''ע","","0.667","1","0.7","1.85","32.18273","34.88582","המסלול בין התחנות ארוך פי 1.85 מהדרך הקצרה ברכב (782 מ', מאותו כביש ובאותו כיוון נסיעה). ייתכן נתיב תח""צ, איסור פנייה או מסוף — לבדיקה."
"ספק","11","אלקטרה אפיקים","ניווט","כיכר אלי כהן / הרב שלום שבזי","המוביל הארצי","","0.665","16","10.6","2.39","32.09928","34.94153","המסלול בין התחנות ארוך פי 2.39 מהדרך הקצרה ברכב (478 מ', מאותו כביש ובאותו כיוון נסיעה). ייתכן נתיב תח""צ, איסור פנייה או מסוף — לבדיקה."
"ספק","35","נתיב אקספרס","ניווט","ירכא 3","רח 120/מינימרקט","","0.659","3","2","1.3","32.95477","35.18353","המסלול בין התחנות ארוך פי 1.30 מהדרך הקצרה ברכב (2184 מ', מאותו כביש ובאותו כיוון נסיעה). ייתכן נתיב תח""צ, איסור פנייה או מסוף — לבדיקה."
"ספק","36","אלקטרה אפיקים","ניווט","שדרות הבנים/השקד","שתולים/3703","","0.649","5","3.2","1.75","31.77298","34.68422","המסלול בין התחנות ארוך פי 1.75 מהדרך הקצרה ברכב (865 מ', מאותו כביש ובאותו כיוון נסיעה). ייתכן נתיב תח""צ, איסור פנייה או מסוף — לבדיקה."
"ספק","140","אלקטרה אפיקים","ניווט","שדרות הבנים/השקד","שתולים/3703","","0.649","9","5.8","1.75","31.77298","34.68422","המסלול בין התחנות ארוך פי 1.75 מהדרך הקצרה ברכב (865 מ', מאותו כביש ובאותו כיוון נסיעה). ייתכן נתיב תח""צ, איסור פנייה או מסוף — לבדיקה."
"ספק","24","אגד","ניווט","קבוצת שילר","פנחס בן דוד קפרא/הרב דוד ישראל","","0.642","3","1.9","1.52","31.87614","34.79666","המסלול בין התחנות ארוך פי 1.52 מהדרך הקצרה ברכב (1239 מ', מאותו כביש ובאותו כיוון נסיעה). ייתכן נתיב תח""צ, איסור פנייה או מסוף — לבדיקה."
"ספק","81","קווים","ניווט","עמק האלה/ לב העמק","זכריה הנביא/עמק האלה","","0.635","2","1.3","1.75","31.91381","35.00741","המסלול בין התחנות ארוך פי 1.75 מהדרך הקצרה ברכב (843 מ', מאותו כביש ובאותו כיוון נסיעה). ייתכן נתיב תח""צ, איסור פנייה או מסוף — לבדיקה."
"ספק","302","אלקטרה אפיקים","ניווט","מעיין/אפיק","יהושע בן נון/אפיק","","0.631","2","1.3","3.61","32.10555","34.9458","המסלול בין התחנות ארוך פי 3.61 מהדרך הקצרה ברכב (242 מ', מאותו כביש ובאותו כיוון נסיעה). ייתכן נתיב תח""צ, איסור פנייה או מסוף — לבדיקה."
"ספק","39","נתיב אקספרס","ניווט","שד. מ''ג המעפילים/כלנית","כביש 854/גולן","","0.628","6","3.8","1.43","33.00824","35.28383","המסלול בין התחנות ארוך פי 1.43 מהדרך הקצרה ברכב (1470 מ', מאותו כביש ובאותו כיוון נסיעה). ייתכן נתיב תח""צ, איסור פנייה או מסוף — לבדיקה."
"ספק","122","גי.בי.טורס","ניווט","לשם/הברקת","פארק תעשיה קדמת","","0.627","4","2.5","1.86","32.78555","35.46641","המסלול בין התחנות ארוך פי 1.86 מהדרך הקצרה ברכב (728 מ', מאותו כביש ובאותו כיוון נסיעה). ייתכן נתיב תח""צ, איסור פנייה או מסוף — לבדיקה."
"ספק","123","גי.בי.טורס","ניווט","לשם/הברקת","פארק תעשיה קדמת","","0.627","5","3.1","1.86","32.78555","35.46641","המסלול בין התחנות ארוך פי 1.86 מהדרך הקצרה ברכב (728 מ', מאותו כביש ובאותו כיוון נסיעה). ייתכן נתיב תח""צ, איסור פנייה או מסוף — לבדיקה."
"ספק","123","אגד","ניווט","ת. מרכזית המפרץ/רציפים עירוני","שדרות ההסתדרות/צומת הקריות","","0.625","8","5","1.63","32.79268","35.03478","המסלול בין התחנות ארוך פי 1.63 מהדרך הקצרה ברכב (992 מ', מאותו כביש ובאותו כיוון נסיעה). ייתכן נתיב תח""צ, איסור פנייה או מסוף — לבדיקה."
"ספק","302","אלקטרה אפיקים","ניווט","מעיין/אפיק","יהושע בן נון/כנפי נשרים","","0.621","7","4.3","2.67","32.10555","34.9458","המסלול בין התחנות ארוך פי 2.67 מהדרך הקצרה ברכב (371 מ', מאותו כביש ובאותו כיוון נסיעה). ייתכן נתיב תח""צ, איסור פנייה או מסוף — לבדיקה."
"ספק","991","נתיב אקספרס","ניווט","הרצל/שבטי ישראל","צומת עפולה עילית/קופ''ח","","0.615","4","2.5","1.88","32.63203","35.33128","המסלול בין התחנות ארוך פי 1.88 מהדרך הקצרה ברכב (699 מ', מאותו כביש ובאותו כיוון נסיעה). ייתכן נתיב תח""צ, איסור פנייה או מסוף — לבדיקה."
"לא ניתן להשוואה","19","קווים","detour","האלה/תל צור","העצמאות/הפטל","16","0.614","1","0.6","2.16","32.27548","34.89197","לא ניתן להשוואה — קו 16 מתחיל/מסיים את מסלולו באחת התחנות (תחנת-קצה), ולכן אינו מסדרון-מעבר תקף: הוא עושה משם קפיצה ישירה קצרה, בעוד הקו הנבדק עשוי לבצע לולאת-שירות לגיטימית באמצע מסלולו. אין בסיס להשוואת מרחקים."
"לא ניתן להשוואה","19","קווים","detour","האלה/תל צור","העצמאות/הפטל","16","0.614","1","0.6","2.16","32.27548","34.89197","לא ניתן להשוואה — קו 16 מתחיל/מסיים את מסלולו באחת התחנות (תחנת-קצה), ולכן אינו מסדרון-מעבר תקף: הוא עושה משם קפיצה ישירה קצרה, בעוד הקו הנבדק עשוי לבצע לולאת-שירות לגיטימית באמצע מסלולו. אין בסיס להשוואת מרחקים."
"ספק","61","אקסטרה ירושלים","ניווט","תחנת רכבת קלה גבעת המבתר","ההגנה/אצ''ל","","0.604","54","32.6","3.1","31.80533","35.23439","המסלול בין התחנות ארוך פי 3.10 מהדרך הקצרה ברכב (287 מ', מאותו כביש ובאותו כיוון נסיעה). ייתכן נתיב תח""צ, איסור פנייה או מסוף — לבדיקה."
"לא ניתן להשוואה","63","אגד","detour","ספרייה/הדגן","דרך שרה/קדמה","5","0.596","1","0.6","1.9","32.56948","34.95541","לא ניתן להשוואה — כיווניות מנוגדת: קו 5 מגיע לתחנה המשותפת מצד מנוגד (הפרש וקטור הגעה 169° > 90°). הקווים על צירי נסיעה הפוכים — אין בסיס להשוואת מרחקים."
"ספק","20","מטרופולין","ניווט","שיטה/שיקמה","צומת ג'לג'וליה","","0.596","4","2.4","1.44","32.15946","34.94419","המסלול בין התחנות ארוך פי 1.44 מהדרך הקצרה ברכב (1368 מ', מאותו כביש ובאותו כיוון נסיעה). ייתכן נתיב תח""צ, איסור פנייה או מסוף — לבדיקה."
"ספק","701","קווים","ניווט","דרך אהרון/נווה רמז","גני רמת הנדיב/652","","0.586","23","13.5","1.68","32.56107","34.95814","המסלול בין התחנות ארוך פי 1.68 מהדרך הקצרה ברכב (861 מ', מאותו כביש ובאותו כיוון נסיעה). ייתכן נתיב תח""צ, איסור פנייה או מסוף — לבדיקה."
"ספק","86","מטרופולין","ניווט","בי''ח מאיר/טשרניחובסקי","בי''ס יגאל אלון/שד' ששת הימים","","0.58","2","1.2","1.61","32.1812","34.89765","המסלול בין התחנות ארוך פי 1.61 מהדרך הקצרה ברכב (950 מ', מאותו כביש ובאותו כיוון נסיעה). ייתכן נתיב תח""צ, איסור פנייה או מסוף — לבדיקה."
"ספק","36","אלקטרה אפיקים","ניווט","שתולים/3703","שדרות הבנים/האלה","","0.57","10","5.7","1.68","31.77784","34.67835","המסלול בין התחנות ארוך פי 1.68 מהדרך הקצרה ברכב (837 מ', מאותו כביש ובאותו כיוון נסיעה). ייתכן נתיב תח""צ, איסור פנייה או מסוף — לבדיקה."
"ספק","140","אלקטרה אפיקים","ניווט","שתולים/3703","שדרות הבנים/האלה","","0.57","8","4.6","1.68","31.77784","34.67835","המסלול בין התחנות ארוך פי 1.68 מהדרך הקצרה ברכב (837 מ', מאותו כביש ובאותו כיוון נסיעה). ייתכן נתיב תח""צ, איסור פנייה או מסוף — לבדיקה."
"ספק","45","נתיב אקספרס","ניווט","מסעף עלמה","בית ספר","","0.563","9","5.1","1.73","33.0538","35.49255","המסלול בין התחנות ארוך פי 1.73 מהדרך הקצרה ברכב (766 מ', מאותו כביש ובאותו כיוון נסיעה). ייתכן נתיב תח""צ, איסור פנייה או מסוף — לבדיקה."
"ספק","93","אגד","ניווט","דרך אהרון/דרך שרה","דרך שרה/קדמה","","0.559","2","1.1","2.02","32.56651","34.95642","המסלול בין התחנות ארוך פי 2.02 מהדרך הקצרה ברכב (546 מ', מאותו כביש ובאותו כיוון נסיעה). ייתכן נתיב תח""צ, איסור פנייה או מסוף — לבדיקה."
"ספק","687","מטרופולין","ניווט","מכללת אחוה","מרכז כפרי אחווה","","0.559","4","2.2","2.66","31.74295","34.77464","המסלול בין התחנות ארוך פי 2.66 מהדרך הקצרה ברכב (338 מ', מאותו כביש ובאותו כיוון נסיעה). ייתכן נתיב תח""צ, איסור פנייה או מסוף — לבדיקה."
"ספק","439","אגד","ניווט","ת. מרכזית רחובות/רציפים","הרצל/גן העיר","","0.558","24","13.4","2.36","31.89346","34.80774","המסלול בין התחנות ארוך פי 2.36 מהדרך הקצרה ברכב (410 מ', מאותו כביש ובאותו כיוון נסיעה). ייתכן נתיב תח""צ, איסור פנייה או מסוף — לבדיקה."
"ספק","4א","דן בדרום","ניווט","שדרות דרום אפריקה/תגר עליזה","הנשיא/הזית","","0.558","19","10.6","2.21","31.67699","34.56438","המסלול בין התחנות ארוך פי 2.21 מהדרך הקצרה ברכב (461 מ', מאותו כביש ובאותו כיוון נסיעה). ייתכן נתיב תח""צ, איסור פנייה או מסוף — לבדיקה."
"ספק","80א","אגד","ניווט","י.ל. פרץ/פרישמן","קופת חולים/העצמאות","","0.556","1","0.6","2.12","32.81409","35.10269","המסלול בין התחנות ארוך פי 2.12 מהדרך הקצרה ברכב (498 מ', מאותו כביש ובאותו כיוון נסיעה). ייתכן נתיב תח""צ, איסור פנייה או מסוף — לבדיקה."
"ספק","130","אלקטרה אפיקים תחבורה","ניווט","מוריה/שד. ירושלים","שד. ירושלים/שער הגיא","","0.548","5","2.7","1.38","32.10284","35.20623","המסלול בין התחנות ארוך פי 1.38 מהדרך הקצרה ברכב (1424 מ', מאותו כביש ובאותו כיוון נסיעה). ייתכן נתיב תח""צ, איסור פנייה או מסוף — לבדיקה."
"ספק","356","סופרבוס","ניווט","הספרייה העירונית/יצחק רבין","ת.מרכזית עפולה/רציפים","","0.545","4","2.2","1.54","32.61359","35.29688","המסלול בין התחנות ארוך פי 1.54 מהדרך הקצרה ברכב (1012 מ', מאותו כביש ובאותו כיוון נסיעה). ייתכן נתיב תח""צ, איסור פנייה או מסוף — לבדיקה."
"ספק","354","סופרבוס","ניווט","הספרייה העירונית/יצחק רבין","ת.מרכזית עפולה/רציפים","","0.545","3","1.6","1.54","32.61359","35.29688","המסלול בין התחנות ארוך פי 1.54 מהדרך הקצרה ברכב (1012 מ', מאותו כביש ובאותו כיוון נסיעה). ייתכן נתיב תח""צ, איסור פנייה או מסוף — לבדיקה."
"ספק","233","קווים","ניווט","צומת בחן","צומת בת חפר","","0.537","6","3.2","1.35","32.35054","35.01335","המסלול בין התחנות ארוך פי 1.35 מהדרך הקצרה ברכב (1516 מ', מאותו כביש ובאותו כיוון נסיעה). ייתכן נתיב תח""צ, איסור פנייה או מסוף — לבדיקה."
"ספק","33","קווים","ניווט","כפר מנחם קיבוץ/סילו","כפר מנחם/הרחבה","","0.534","3","1.6","1.47","31.73229","34.83695","המסלול בין התחנות ארוך פי 1.47 מהדרך הקצרה ברכב (1145 מ', מאותו כביש ובאותו כיוון נסיעה). ייתכן נתיב תח""צ, איסור פנייה או מסוף — לבדיקה."
"ספק","33","קווים","ניווט","כפר מנחם קיבוץ/סילו","כפר מנחם/הרחבה","","0.534","3","1.6","1.47","31.73229","34.83695","המסלול בין התחנות ארוך פי 1.47 מהדרך הקצרה ברכב (1145 מ', מאותו כביש ובאותו כיוון נסיעה). ייתכן נתיב תח""צ, איסור פנייה או מסוף — לבדיקה."
"ספק","588","מטרופולין","ניווט","שכונה 23","קופת חולים כללית","","0.532","3","1.6","1.71","31.25093","35.07479","המסלול בין התחנות ארוך פי 1.71 מהדרך הקצרה ברכב (745 מ', מאותו כביש ובאותו כיוון נסיעה). ייתכן נתיב תח""צ, איסור פנייה או מסוף — לבדיקה."
"לא ניתן להשוואה","7","אגד","detour","נשיאי ישראל/פארק אופירה","צה''ל/ספריה עירונית","215","0.526","14","7.4","3.55","32.91328","35.30192","הקו נוסע במסלול קרוב-לאופטימלי (פי 0.68 מהדרך הקצרה בכביש) — אין עיקוף מיותר בפועל."
"ספק","332","נסיעות ותיירות","ניווט","ההסתדרות/צומת הקריות","מרכזית המפרץ/שדרות ההסתדרות","","0.526","3","1.6","1.81","32.78939","35.0303","המסלול בין התחנות ארוך פי 1.81 מהדרך הקצרה ברכב (650 מ', מאותו כביש ובאותו כיוון נסיעה). ייתכן נתיב תח""צ, איסור פנייה או מסוף — לבדיקה."
"ספק","301","סופרבוס","ניווט","ההסתדרות/צומת הקריות","מרכזית המפרץ/שדרות ההסתדרות","","0.526","5","2.6","1.81","32.78939","35.0303","המסלול בין התחנות ארוך פי 1.81 מהדרך הקצרה ברכב (650 מ', מאותו כביש ובאותו כיוון נסיעה). ייתכן נתיב תח""צ, איסור פנייה או מסוף — לבדיקה."
"ספק","1א","אקסטרה","ניווט","הגדוד העברי/הבנים","הגדוד העברי/השומר","","0.518","7","3.6","2.27","32.3556","34.87286","המסלול בין התחנות ארוך פי 2.27 מהדרך הקצרה ברכב (407 מ', מאותו כביש ובאותו כיוון נסיעה). ייתכן נתיב תח""צ, איסור פנייה או מסוף — לבדיקה."
"ספק","75","מטרופולין","ניווט","הציונות/היהלום","הגיבור/המעלה","","0.515","1","0.5","1.55","32.1466","34.88578","המסלול בין התחנות ארוך פי 1.55 מהדרך הקצרה ברכב (942 מ', מאותו כביש ובאותו כיוון נסיעה). ייתכן נתיב תח""צ, איסור פנייה או מסוף — לבדיקה."
"ספק","85","נסיעות ותיירות","ניווט","כנסייה קתולית ג","שכונה דרומית א","","0.514","3","1.5","1.73","32.8878","35.40865","המסלול בין התחנות ארוך פי 1.73 מהדרך הקצרה ברכב (708 מ', מאותו כביש ובאותו כיוון נסיעה). ייתכן נתיב תח""צ, איסור פנייה או מסוף — לבדיקה."
"ספק","96","נסיעות ותיירות","ניווט","כנסייה קתולית ג","שכונה דרומית א","","0.514","1","0.5","1.73","32.8878","35.40865","המסלול בין התחנות ארוך פי 1.73 מהדרך הקצרה ברכב (708 מ', מאותו כביש ובאותו כיוון נסיעה). ייתכן נתיב תח""צ, איסור פנייה או מסוף — לבדיקה."
"ספק","94","מטרופולין","ניווט","הבנים/הקרן הקיימת","יהודה הנשיא/כלנית","","0.51","1","0.5","1.32","32.16248","34.84643","המסלול בין התחנות ארוך פי 1.32 מהדרך הקצרה ברכב (1575 מ', מאותו כביש ובאותו כיוון נסיעה). ייתכן נתיב תח""צ, איסור פנייה או מסוף — לבדיקה."
"ספק","474","קווים","ניווט","מסוף אוניברסיטת ת''א","ביה''ס לרפואה/קלצ'קין","","0.508","3","1.5","3.13","32.1172","34.80412","המסלול בין התחנות ארוך פי 3.13 מהדרך הקצרה ברכב (239 מ', מאותו כביש ובאותו כיוון נסיעה). ייתכן נתיב תח""צ, איסור פנייה או מסוף — לבדיקה."
"ספק","3","אגד","ניווט","חוף ראשון לציון","דרך מנחם בגין/חיל התותחנים","","0.506","29","14.7","1.51","31.99645","34.7339","המסלול בין התחנות ארוך פי 1.51 מהדרך הקצרה ברכב (1001 מ', מאותו כביש ובאותו כיוון נסיעה). ייתכן נתיב תח""צ, איסור פנייה או מסוף — לבדיקה."
"ספק","13","מטרופולין","ניווט","פארק מדרון יפו/נמל יפו","נמל יפו/יהודה הימית","","0.497","54","26.9","2.07","32.0483","34.74844","המסלול בין התחנות ארוך פי 2.07 מהדרך הקצרה ברכב (465 מ', מאותו כביש ובאותו כיוון נסיעה). ייתכן נתיב תח""צ, איסור פנייה או מסוף — לבדיקה."
"ספק","12","מטרופולין","ניווט","מסוף עתידים","בית אבות בית בלב/בית אל","","0.496","36","17.9","2.3","32.11423","34.84136","המסלול בין התחנות ארוך פי 2.30 מהדרך הקצרה ברכב (380 מ', מאותו כביש ובאותו כיוון נסיעה). ייתכן נתיב תח""צ, איסור פנייה או מסוף — לבדיקה."
"ספק","12","מטרופולין","ניווט","מסוף עתידים","בית אבות בית בלב/בית אל","","0.496","5","2.5","2.3","32.11423","34.84136","המסלול בין התחנות ארוך פי 2.30 מהדרך הקצרה ברכב (380 מ', מאותו כביש ובאותו כיוון נסיעה). ייתכן נתיב תח""צ, איסור פנייה או מסוף — לבדיקה."
"לא ניתן להשוואה","91","נתיב אקספרס","detour","דוד אלעזר/לח''י","מסעף בית העלמין","84","0.494","2","1","1.98","32.96366","35.48947","לא ניתן להשוואה — סדר תחנות שונה: קו 84 עובר דרך 1 תחנת/ות ביניים נוספת/ות בין ""דוד אלעזר/לח''י"" ל-""מסעף בית העלמין"" (A→…→B), בעוד הקו הנבדק עובר ישירות. זו בחירת תכנון מסלול, לא עיקוף — אין משמעות ליחס-מרחקים."
"לא ניתן להשוואה","270","אלקטרה אפיקים תחבורה","detour","שמחת עולם/שדרות אביר יעקב","דרך כוכב יעקב/שמחת עולם","143","0.49","2","1","3.69","31.87989","35.24439","לא ניתן להשוואה — כיווניות מנוגדת: קו 143 מגיע לתחנה המשותפת מצד מנוגד (הפרש וקטור הגעה 143° > 90°). הקווים על צירי נסיעה הפוכים — אין בסיס להשוואת מרחקים."
"ספק","83","קווים","ניווט","הרימון/החרוב","הליבנה","","0.49","2","1","1.48","32.51958","35.01238","המסלול בין התחנות ארוך פי 1.48 מהדרך הקצרה ברכב (1020 מ', מאותו כביש ובאותו כיוון נסיעה). ייתכן נתיב תח""צ, איסור פנייה או מסוף — לבדיקה."
"אמיתי","80","אגד","detour","קפלן/השלום","אחד העם/כצנלסון","87","0.484","1","0.5","2.08","32.01919","34.80954","הקו סוטה הצידה עד 358 מ' מהקו הישר (מול ~49 מ' בקו 87) — בליטה ייחודית, עיקוף אמיתי."
"ספק","159","קווים","ניווט","האלונים/הדקל","ת''ת שבט הלוי/שא נס","","0.484","13","6.3","2.24","31.93904","34.83196","המסלול בין התחנות ארוך פי 2.24 מהדרך הקצרה ברכב (390 מ', מאותו כביש ובאותו כיוון נסיעה). ייתכן נתיב תח""צ, איסור פנייה או מסוף — לבדיקה."
"ספק","445","מטרופולין","ניווט","מתחם שרונה/אליעזר קפלן","הבימה/שד' בן ציון","","0.484","19","9.2","1.5","32.07349","34.78702","המסלול בין התחנות ארוך פי 1.50 מהדרך הקצרה ברכב (961 מ', מאותו כביש ובאותו כיוון נסיעה). ייתכן נתיב תח""צ, איסור פנייה או מסוף — לבדיקה."
"ספק","4א","גלים","ניווט","בית ספר אבו עוביידה","בית ספר אבו עוביידה","","0.481","11","5.3","2.05","31.39911","34.76323","המסלול בין התחנות ארוך פי 2.05 מהדרך הקצרה ברכב (458 מ', מאותו כביש ובאותו כיוון נסיעה). ייתכן נתיב תח""צ, איסור פנייה או מסוף — לבדיקה."
"אמיתי","17","תנופה","detour","חלמיש/יהלום","אביבים/דגניה","20","0.477","1","0.5","1.7","32.12006","35.02866","הקו נוסע פי 1.70 מקו 20 בין אותן שתי התחנות (אותו ציר כניסה, סטייה 0°) — עיקוף אמיתי."
"אמיתי","17","תנופה","detour","חלמיש/יהלום","אביבים/דגניה","185","0.477","1","0.5","1.7","32.12006","35.02866","הקו נוסע פי 1.70 מקו 185 בין אותן שתי התחנות (אותו ציר כניסה, סטייה 0°) — עיקוף אמיתי."
"לא ניתן להשוואה","18","ש.א.מ","detour","ביר אל-אמיר/אל-פאח'ורה","פארק ביר אל-אמיר","46","0.474","22","10.4","3.3","32.68398","35.28565","לא ניתן להשוואה — כיווניות מנוגדת: קו 46 מגיע לתחנה המשותפת מצד מנוגד (הפרש וקטור הגעה 163° > 90°). הקווים על צירי נסיעה הפוכים — אין בסיס להשוואת מרחקים."
"ספק","15","קווים","ניווט","אל ענבר/אל שרק","בית עלמין פוריידיס","","0.471","20","9.4","4.02","32.58909","34.95614","המסלול בין התחנות ארוך פי 4.02 מהדרך הקצרה ברכב (156 מ', מאותו כביש ובאותו כיוון נסיעה). ייתכן נתיב תח""צ, איסור פנייה או מסוף — לבדיקה."
"לא ניתן להשוואה","84","מועצה אזורית גולן","detour","בני יהודה הרחבה","בני יהודה/מתנ''ס","19","0.469","1","0.5","1.39","32.8","35.69177","לא ניתן להשוואה — סדר תחנות שונה: קו 19 עובר דרך 2 תחנת/ות ביניים נוספת/ות בין ""בני יהודה הרחבה"" ל-""בני יהודה/מתנ''ס"" (A→…→B), בעוד הקו הנבדק עובר ישירות. זו בחירת תכנון מסלול, לא עיקוף — אין משמעות ליחס-מרחקים."
"ספק","148","אלקטרה אפיקים תחבורה","ניווט","תחנת רכבת קלה גבעת התחמושת","שדרות חיים ברלב/שדרות האוניברסיטה העברית","","0.469","12","5.6","2.03","31.7989","35.23196","המסלול בין התחנות ארוך פי 2.03 מהדרך הקצרה ברכב (456 מ', מאותו כביש ובאותו כיוון נסיעה). ייתכן נתיב תח""צ, איסור פנייה או מסוף — לבדיקה."
"ספק","461","אלקטרה אפיקים תחבורה","ניווט","תחנת רכבת קלה גבעת התחמושת","שדרות חיים ברלב/שדרות האוניברסיטה העברית","","0.469","13","6.1","2.03","31.7989","35.23196","המסלול בין התחנות ארוך פי 2.03 מהדרך הקצרה ברכב (456 מ', מאותו כביש ובאותו כיוון נסיעה). ייתכן נתיב תח""צ, איסור פנייה או מסוף — לבדיקה."
"ספק","464","אלקטרה אפיקים תחבורה","ניווט","תחנת רכבת קלה גבעת התחמושת","שדרות חיים ברלב/שדרות האוניברסיטה העברית","","0.469","5","2.3","2.03","31.7989","35.23196","המסלול בין התחנות ארוך פי 2.03 מהדרך הקצרה ברכב (456 מ', מאותו כביש ובאותו כיוון נסיעה). ייתכן נתיב תח""צ, איסור פנייה או מסוף — לבדיקה."
"ספק","467","אלקטרה אפיקים תחבורה","ניווט","תחנת רכבת קלה גבעת התחמושת","שדרות חיים ברלב/שדרות האוניברסיטה העברית","","0.469","5","2.3","2.03","31.7989","35.23196","המסלול בין התחנות ארוך פי 2.03 מהדרך הקצרה ברכב (456 מ', מאותו כביש ובאותו כיוון נסיעה). ייתכן נתיב תח""צ, איסור פנייה או מסוף — לבדיקה."
"ספק","468","אלקטרה אפיקים תחבורה","ניווט","תחנת רכבת קלה גבעת התחמושת","שדרות חיים ברלב/שדרות האוניברסיטה העברית","","0.469","9","4.2","2.03","31.7989","35.23196","המסלול בין התחנות ארוך פי 2.03 מהדרך הקצרה ברכב (456 מ', מאותו כביש ובאותו כיוון נסיעה). ייתכן נתיב תח""צ, איסור פנייה או מסוף — לבדיקה."
"ספק","462","אלקטרה אפיקים תחבורה","ניווט","תחנת רכבת קלה גבעת התחמושת","שדרות חיים ברלב/שדרות האוניברסיטה העברית","","0.469","12","5.6","2.03","31.7989","35.23196","המסלול בין התחנות ארוך פי 2.03 מהדרך הקצרה ברכב (456 מ', מאותו כביש ובאותו כיוון נסיעה). ייתכן נתיב תח""צ, איסור פנייה או מסוף — לבדיקה."
"ספק","466","אלקטרה אפיקים תחבורה","ניווט","תחנת רכבת קלה גבעת התחמושת","שדרות חיים ברלב/שדרות האוניברסיטה העברית","","0.469","2","0.9","2.03","31.7989","35.23196","המסלול בין התחנות ארוך פי 2.03 מהדרך הקצרה ברכב (456 מ', מאותו כביש ובאותו כיוון נסיעה). ייתכן נתיב תח""צ, איסור פנייה או מסוף — לבדיקה."
"ספק","52","סופרבוס","ניווט","מוקיבלה/מרכז","מוקבילה/יציאה","","0.468","5","2.3","5.69","32.51474","35.29882","המסלול בין התחנות ארוך פי 5.69 מהדרך הקצרה ברכב (100 מ', מאותו כביש ובאותו כיוון נסיעה). ייתכן נתיב תח""צ, איסור פנייה או מסוף — לבדיקה."
"ספק","26","קווים","ניווט","'כפר חיים ב","צומת הדר עם","","0.468","13","6.1","1.45","32.35363","34.90123","המסלול בין התחנות ארוך פי 1.45 מהדרך הקצרה ברכב (1046 מ', מאותו כביש ובאותו כיוון נסיעה). ייתכן נתיב תח""צ, איסור פנייה או מסוף — לבדיקה."
"לא ניתן להשוואה","82","אגד","detour","העצמאות/רחבת הסוכנות","בית הספר עמיאסף","83","0.467","1","0.5","2.19","31.06805","35.02963","לא ניתן להשוואה — קו 83 מתחיל/מסיים את מסלולו באחת התחנות (תחנת-קצה), ולכן אינו מסדרון-מעבר תקף: הוא עושה משם קפיצה ישירה קצרה, בעוד הקו הנבדק עשוי לבצע לולאת-שירות לגיטימית באמצע מסלולו. אין בסיס להשוואת מרחקים."
"לא ניתן להשוואה","82א","אגד","detour","העצמאות/רחבת הסוכנות","בית הספר עמיאסף","83","0.467","1","0.5","2.19","31.06805","35.02963","לא ניתן להשוואה — קו 83 מתחיל/מסיים את מסלולו באחת התחנות (תחנת-קצה), ולכן אינו מסדרון-מעבר תקף: הוא עושה משם קפיצה ישירה קצרה, בעוד הקו הנבדק עשוי לבצע לולאת-שירות לגיטימית באמצע מסלולו. אין בסיס להשוואת מרחקים."
"לא ניתן להשוואה","570","מטרופולין","detour","החרמון/המעגל","ששת הימים/קיבוץ גלויות","65","0.462","1","0.5","1.83","32.15748","34.92179","לא ניתן להשוואה — כיווניות מנוגדת: קו 65 מגיע לתחנה המשותפת מצד מנוגד (הפרש וקטור הגעה 123° > 90°). הקווים על צירי נסיעה הפוכים — אין בסיס להשוואת מרחקים."
"ספק","78","אלקטרה אפיקים","ניווט","בית ספר יהלום/הרב מנחם מנדל הגר","מרכז מסחרי רובע א'/רוגוזין","","0.461","1","0.5","1.38","31.81354","34.64303","המסלול בין התחנות ארוך פי 1.38 מהדרך הקצרה ברכב (1199 מ', מאותו כביש ובאותו כיוון נסיעה). ייתכן נתיב תח""צ, איסור פנייה או מסוף — לבדיקה."
"אמיתי","350","אלקטרה אפיקים","detour","הכלנית/הנורית","ביה''ח אסותא","349","0.459","44","20.2","1.86","31.78415","34.65468","המסלול מתקדם ואז חוזר 166 מ' לאחור על צירו (לולאה/הלוך-חזור) בין ""הכלנית/הנורית"" ל-""ביה''ח אסותא"", בעוד קו 349 עובר ישר — נסיעה כפולה על אותו כביש, עיקוף אמיתי. המדידה מתחילה מתחנת-התקלה, ללא תלות בכיוון-ההגעה הקודם."
"ספק","22","אגד","ניווט","מרכזית הקריות/איסוף","חיים טופול/הברוש","","0.458","60","27.5","2.36","32.85936","35.08996","המסלול בין התחנות ארוך פי 2.36 מהדרך הקצרה ברכב (338 מ', מאותו כביש ובאותו כיוון נסיעה). ייתכן נתיב תח""צ, איסור פנייה או מסוף — לבדיקה."
"ספק","4","נתיב אקספרס","ניווט","מעלה המסגד/האומנים","הכנסיות/שביל המעיין","","0.457","26","11.9","1.73","33.0099","35.26812","המסלול בין התחנות ארוך פי 1.73 מהדרך הקצרה ברכב (629 מ', מאותו כביש ובאותו כיוון נסיעה). ייתכן נתיב תח""צ, איסור פנייה או מסוף — לבדיקה."
"ספק","559","מטרופולין","ניווט","סלעית/אגמית","מואב/הגלעד","","0.455","8","3.6","1.51","31.26668","35.21482","המסלול בין התחנות ארוך פי 1.51 מהדרך הקצרה ברכב (891 מ', מאותו כביש ובאותו כיוון נסיעה). ייתכן נתיב תח""צ, איסור פנייה או מסוף — לבדיקה."
"ספק","15","קווים","ניווט","אל ענבר/אל שרק","פוריידיס 8","","0.453","32","14.5","2.03","32.58909","34.95614","המסלול בין התחנות ארוך פי 2.03 מהדרך הקצרה ברכב (438 מ', מאותו כביש ובאותו כיוון נסיעה). ייתכן נתיב תח""צ, איסור פנייה או מסוף — לבדיקה."
"ספק","372","אלקטרה אפיקים תחבורה","ניווט","כביש 367/מזרח","בי''ס אזורי גוש עציון","","0.453","10","4.5","1.77","31.65502","35.11722","המסלול בין התחנות ארוך פי 1.77 מהדרך הקצרה ברכב (584 מ', מאותו כביש ובאותו כיוון נסיעה). ייתכן נתיב תח""צ, איסור פנייה או מסוף — לבדיקה."
"ספק","410","אלקטרה אפיקים תחבורה","ניווט","כביש 367/מזרח","בי''ס אזורי גוש עציון","","0.453","8","3.6","1.77","31.65502","35.11722","המסלול בין התחנות ארוך פי 1.77 מהדרך הקצרה ברכב (584 מ', מאותו כביש ובאותו כיוון נסיעה). ייתכן נתיב תח""צ, איסור פנייה או מסוף — לבדיקה."
"אמיתי","4א","אלקטרה אפיקים","detour","הדוגית/הצדף","חטיבת גבעתי/גיבורי החיל","182","0.45","8","3.6","1.76","31.86745","34.73592","הקו סוטה הצידה עד 361 מ' מהקו הישר (מול ~180 מ' בקו 182) — בליטה ייחודית, עיקוף אמיתי."
"ספק","885","נתיב אקספרס","ניווט","דולב/יצחק שדה","מרכז עפולה עילית/קפלן","","0.442","1","0.4","1.78","32.63661","35.32288","המסלול בין התחנות ארוך פי 1.78 מהדרך הקצרה ברכב (569 מ', מאותו כביש ובאותו כיוון נסיעה). ייתכן נתיב תח""צ, איסור פנייה או מסוף — לבדיקה."
"ספק","885","נתיב אקספרס","ניווט","דולב/יצחק שדה","מרכז עפולה עילית/קפלן","","0.442","1","0.4","1.78","32.63661","35.32288","המסלול בין התחנות ארוך פי 1.78 מהדרך הקצרה ברכב (569 מ', מאותו כביש ובאותו כיוון נסיעה). ייתכן נתיב תח""צ, איסור פנייה או מסוף — לבדיקה."
"אמיתי","7","אגד","detour","פורטק","נשר מרכז קניות","110","0.44","8","3.5","2.03","32.78176","35.03371","המסלול מתקדם ואז חוזר 217 מ' לאחור על צירו (לולאה/הלוך-חזור) בין ""פורטק"" ל-""נשר מרכז קניות"", בעוד קו 110 עובר ישר — נסיעה כפולה על אותו כביש, עיקוף אמיתי. המדידה מתחילה מתחנת-התקלה, ללא תלות בכיוון-ההגעה הקודם."
"אמיתי","332","נסיעות ותיירות","detour","פורטק","נשר מרכז קניות","110","0.44","24","10.6","2.03","32.78176","35.03371","המסלול מתקדם ואז חוזר 217 מ' לאחור על צירו (לולאה/הלוך-חזור) בין ""פורטק"" ל-""נשר מרכז קניות"", בעוד קו 110 עובר ישר — נסיעה כפולה על אותו כביש, עיקוף אמיתי. המדידה מתחילה מתחנת-התקלה, ללא תלות בכיוון-ההגעה הקודם."
"אמיתי","332","נסיעות ותיירות","detour","פורטק","נשר מרכז קניות","110","0.44","4","1.8","2.03","32.78176","35.03371","המסלול מתקדם ואז חוזר 217 מ' לאחור על צירו (לולאה/הלוך-חזור) בין ""פורטק"" ל-""נשר מרכז קניות"", בעוד קו 110 עובר ישר — נסיעה כפולה על אותו כביש, עיקוף אמיתי. המדידה מתחילה מתחנת-התקלה, ללא תלות בכיוון-ההגעה הקודם."
"אמיתי","332","נסיעות ותיירות","detour","פורטק","נשר מרכז קניות","110","0.44","4","1.8","2.03","32.78176","35.03371","המסלול מתקדם ואז חוזר 217 מ' לאחור על צירו (לולאה/הלוך-חזור) בין ""פורטק"" ל-""נשר מרכז קניות"", בעוד קו 110 עובר ישר — נסיעה כפולה על אותו כביש, עיקוף אמיתי. המדידה מתחילה מתחנת-התקלה, ללא תלות בכיוון-ההגעה הקודם."
"ספק","21","אגד","ניווט","יפה נוף/הגפן","הנשיא/השקד","","0.437","1","0.4","1.59","32.57591","34.94508","המסלול בין התחנות ארוך פי 1.59 מהדרך הקצרה ברכב (746 מ', מאותו כביש ובאותו כיוון נסיעה). ייתכן נתיב תח""צ, איסור פנייה או מסוף — לבדיקה."
"ספק","96א","דן בדרום","ניווט","העבודה/האורים","דוד רמז/הכרם","","0.437","1","0.4","1.46","31.66625","34.59167","המסלול בין התחנות ארוך פי 1.46 מהדרך הקצרה ברכב (956 מ', מאותו כביש ובאותו כיוון נסיעה). ייתכן נתיב תח""צ, איסור פנייה או מסוף — לבדיקה."
"ספק","3","מטרופולין","ניווט","מכללת טירה/דרך יפו","בי''ס למדעים עבד אלחמיד עתילי","","0.426","26","11.1","1.43","32.22964","34.94378","המסלול בין התחנות ארוך פי 1.43 מהדרך הקצרה ברכב (1000 מ', מאותו כביש ובאותו כיוון נסיעה). ייתכן נתיב תח""צ, איסור פנייה או מסוף — לבדיקה."
"ספק","36","אגד","ניווט","יובל 4","כפר יובל/שער מערבי","","0.422","7","3","1.54","33.24703","35.59802","המסלול בין התחנות ארוך פי 1.54 מהדרך הקצרה ברכב (779 מ', מאותו כביש ובאותו כיוון נסיעה). ייתכן נתיב תח""צ, איסור פנייה או מסוף — לבדיקה."
"ספק","170","מטרופולין","ניווט","מחנה אריאל שרון/כניסה","מחנה אריאל שרון","","0.419","16","6.7","1.69","31.05565","34.8404","המסלול בין התחנות ארוך פי 1.69 מהדרך הקצרה ברכב (606 מ', מאותו כביש ובאותו כיוון נסיעה). ייתכן נתיב תח""צ, איסור פנייה או מסוף — לבדיקה."
"ספק","4","קווים","ניווט","א.ס לוי/סעדיה מרדכי","רזיאל/זכריה","","0.418","18","7.5","2.03","31.9209","34.86122","המסלול בין התחנות ארוך פי 2.03 מהדרך הקצרה ברכב (405 מ', מאותו כביש ובאותו כיוון נסיעה). ייתכן נתיב תח""צ, איסור פנייה או מסוף — לבדיקה."
"ספק","8","קווים","ניווט","א.ס לוי/סעדיה מרדכי","רזיאל/זכריה","","0.418","29","12.1","2.03","31.9209","34.86122","המסלול בין התחנות ארוך פי 2.03 מהדרך הקצרה ברכב (405 מ', מאותו כביש ובאותו כיוון נסיעה). ייתכן נתיב תח""צ, איסור פנייה או מסוף — לבדיקה."
"ספק","4","קווים","ניווט","א.ס לוי/סעדיה מרדכי","רזיאל/זכריה","","0.418","1","0.4","2.03","31.9209","34.86122","המסלול בין התחנות ארוך פי 2.03 מהדרך הקצרה ברכב (405 מ', מאותו כביש ובאותו כיוון נסיעה). ייתכן נתיב תח""צ, איסור פנייה או מסוף — לבדיקה."
"ספק","4","מטרופולין","ניווט","א-שוהדאא/חיטין","בי''ס מפתן טירה/אנדא","","0.414","26","10.8","1.39","32.24079","34.94784","המסלול בין התחנות ארוך פי 1.39 מהדרך הקצרה ברכב (1056 מ', מאותו כביש ובאותו כיוון נסיעה). ייתכן נתיב תח""צ, איסור פנייה או מסוף — לבדיקה."
"לא ניתן להשוואה","348","סופרבוס","detour","שדרות הבנים/שד' שאול עמור","מסוף מגדל העמק","15","0.413","2","0.8","2.38","32.67824","35.24111","לא ניתן להשוואה — קו 15 מתחיל/מסיים את מסלולו באחת התחנות (תחנת-קצה), ולכן אינו מסדרון-מעבר תקף: הוא עושה משם קפיצה ישירה קצרה, בעוד הקו הנבדק עשוי לבצע לולאת-שירות לגיטימית באמצע מסלולו. אין בסיס להשוואת מרחקים."
"לא ניתן להשוואה","348","סופרבוס","detour","שדרות הבנים/שד' שאול עמור","מסוף מגדל העמק","15","0.413","20","8.3","2.38","32.67824","35.24111","לא ניתן להשוואה — קו 15 מתחיל/מסיים את מסלולו באחת התחנות (תחנת-קצה), ולכן אינו מסדרון-מעבר תקף: הוא עושה משם קפיצה ישירה קצרה, בעוד הקו הנבדק עשוי לבצע לולאת-שירות לגיטימית באמצע מסלולו. אין בסיס להשוואת מרחקים."
"ספק","45","קווים","ניווט","מרגולין/שדרת המייסדים","שדרות נורדיה/החרות","","0.413","8","3.3","1.79","32.31498","34.89724","המסלול בין התחנות ארוך פי 1.79 מהדרך הקצרה ברכב (526 מ', מאותו כביש ובאותו כיוון נסיעה). ייתכן נתיב תח""צ, איסור פנייה או מסוף — לבדיקה."
"ספק","45","קווים","ניווט","מרגולין/שדרת המייסדים","שדרות נורדיה/החרות","","0.413","12","5","1.79","32.31498","34.89724","המסלול בין התחנות ארוך פי 1.79 מהדרך הקצרה ברכב (526 מ', מאותו כביש ובאותו כיוון נסיעה). ייתכן נתיב תח""צ, איסור פנייה או מסוף — לבדיקה."
"לא ניתן להשוואה","148","אקסטרה","detour","פארק תעשיות","עירייה","143","0.41","2","0.8","1.38","32.28571","34.87252","לא ניתן להשוואה — סדר תחנות שונה: קו 143 עובר דרך 1 תחנת/ות ביניים נוספת/ות בין ""פארק תעשיות"" ל-""עירייה"" (A→…→B), בעוד הקו הנבדק עובר ישירות. זו בחירת תכנון מסלול, לא עיקוף — אין משמעות ליחס-מרחקים."
"ספק","413","סופרבוס","ניווט","ת.מרכזית עפולה/רציפים","קניון העמקים/יהושע חנקין","","0.41","10","4.1","1.66","32.60872","35.29278","המסלול בין התחנות ארוך פי 1.66 מהדרך הקצרה ברכב (622 מ', מאותו כביש ובאותו כיוון נסיעה). ייתכן נתיב תח""צ, איסור פנייה או מסוף — לבדיקה."
"ספק","141","אלקטרה אפיקים","ניווט","בית כנסת","שדה עוזיהו/מגרש כדורגל","","0.409","6","2.5","1.51","31.75521","34.67518","המסלול בין התחנות ארוך פי 1.51 מהדרך הקצרה ברכב (803 מ', מאותו כביש ובאותו כיוון נסיעה). ייתכן נתיב תח""צ, איסור פנייה או מסוף — לבדיקה."
"ספק","413","סופרבוס","ניווט","קניון העמקים/יהושע חנקין","ת.מרכזית עפולה/הורדה","","0.409","10","4.1","1.57","32.60444","35.29357","המסלול בין התחנות ארוך פי 1.57 מהדרך הקצרה ברכב (724 מ', מאותו כביש ובאותו כיוון נסיעה). ייתכן נתיב תח""צ, איסור פנייה או מסוף — לבדיקה."
"ספק","123","אגד","ניווט","ת. מרכזית המפרץ/רציפים עירוני","שדרות ההסתדרות/צומת הקריות","","0.407","47","19.1","1.51","32.79268","35.03478","המסלול בין התחנות ארוך פי 1.51 מהדרך הקצרה ברכב (794 מ', מאותו כביש ובאותו כיוון נסיעה). ייתכן נתיב תח""צ, איסור פנייה או מסוף — לבדיקה."
"לא ניתן להשוואה","34","אגד","detour","תחנת רכבת קלה גבעת התחמושת","גבעת התחמושת/שרגאי","52","0.404","65","26.3","1.8","31.79927","35.23204","לא ניתן להשוואה — קו 52 מתחיל/מסיים את מסלולו באחת התחנות (תחנת-קצה), ולכן אינו מסדרון-מעבר תקף: הוא עושה משם קפיצה ישירה קצרה, בעוד הקו הנבדק עשוי לבצע לולאת-שירות לגיטימית באמצע מסלולו. אין בסיס להשוואת מרחקים."
"ספק","214","ירושלים-צור באהר איחוד","ניווט","ברזני/בן יוסף","אבועובידה/אלעדל","","0.404","9","3.6","1.99","31.74443","35.23933","המסלול בין התחנות ארוך פי 1.99 מהדרך הקצרה ברכב (408 מ', מאותו כביש ובאותו כיוון נסיעה). ייתכן נתיב תח""צ, איסור פנייה או מסוף — לבדיקה."
"ספק","9","קווים","ניווט","קופ''ח כללית","ההדרים/השיטה","","0.403","1","0.4","2.69","32.27123","34.88946","המסלול בין התחנות ארוך פי 2.69 מהדרך הקצרה ברכב (238 מ', מאותו כביש ובאותו כיוון נסיעה). ייתכן נתיב תח""צ, איסור פנייה או מסוף — לבדיקה."
"ספק","204","אגד","ניווט","ת. מרכזית ראשל''צ","ישראל גלילי/הסחלב","","0.403","38","15.3","2.72","31.96762","34.78464","המסלול בין התחנות ארוך פי 2.72 מהדרך הקצרה ברכב (235 מ', מאותו כביש ובאותו כיוון נסיעה). ייתכן נתיב תח""צ, איסור פנייה או מסוף — לבדיקה."
"ספק","11","אגד","ניווט","ת. מרכזית ראשל''צ","ישראל גלילי/הסחלב","","0.402","60","24.1","2.72","31.96762","34.78464","המסלול בין התחנות ארוך פי 2.72 מהדרך הקצרה ברכב (235 מ', מאותו כביש ובאותו כיוון נסיעה). ייתכן נתיב תח""צ, איסור פנייה או מסוף — לבדיקה."
"לא ניתן להשוואה","4","סופרבוס","detour","סחרוב","ת. מרכזית חוף הכרמל/הורדה","123","0.4","134","53.6","1.85","32.7909","34.95867","לא ניתן להשוואה — קו 123 מתחיל/מסיים את מסלולו באחת התחנות (תחנת-קצה), ולכן אינו מסדרון-מעבר תקף: הוא עושה משם קפיצה ישירה קצרה, בעוד הקו הנבדק עשוי לבצע לולאת-שירות לגיטימית באמצע מסלולו. אין בסיס להשוואת מרחקים."
"ספק","273","אגד","ניווט","תחנה מרכזית/ההסתדרות","ישראל גלילי/הסחלב","","0.399","4","1.6","1.75","31.96606","34.78593","המסלול בין התחנות ארוך פי 1.75 מהדרך הקצרה ברכב (532 מ', מאותו כביש ובאותו כיוון נסיעה). ייתכן נתיב תח""צ, איסור פנייה או מסוף — לבדיקה."
"ספק","190","סופרבוס","ניווט","שד. ההסתדרות/אריה שנקר","חלוצי התעשייה/צ. קרית אתא","","0.398","1","0.4","1.49","32.80759","35.06356","המסלול בין התחנות ארוך פי 1.49 מהדרך הקצרה ברכב (808 מ', מאותו כביש ובאותו כיוון נסיעה). ייתכן נתיב תח""צ, איסור פנייה או מסוף — לבדיקה."
"ספק","68","קווים","ניווט","אחד העם/סמסונוב","ת. מרכזית חדרה/רציפים","","0.395","20","7.9","1.35","32.43436","34.92092","המסלול בין התחנות ארוך פי 1.35 מהדרך הקצרה ברכב (1113 מ', מאותו כביש ובאותו כיוון נסיעה). ייתכן נתיב תח""צ, איסור פנייה או מסוף — לבדיקה."
"ספק","55","סופרבוס","ניווט","ת. מרכזית המפרץ/רציפים בינעירוני","שדרות ההסתדרות/צומת הקריות","","0.395","27","10.7","1.38","32.79324","35.03418","המסלול בין התחנות ארוך פי 1.38 מהדרך הקצרה ברכב (1039 מ', מאותו כביש ובאותו כיוון נסיעה). ייתכן נתיב תח""צ, איסור פנייה או מסוף — לבדיקה."
"ספק","142","אגד","ניווט","ת. מרכזית המפרץ/רציפים בינעירוני","שדרות ההסתדרות/צומת הקריות","","0.395","8","3.2","1.38","32.79324","35.03418","המסלול בין התחנות ארוך פי 1.38 מהדרך הקצרה ברכב (1039 מ', מאותו כביש ובאותו כיוון נסיעה). ייתכן נתיב תח""צ, איסור פנייה או מסוף — לבדיקה."
"ספק","55","סופרבוס","ניווט","ת. מרכזית המפרץ/רציפים בינעירוני","שדרות ההסתדרות/צומת הקריות","","0.395","6","2.4","1.38","32.79324","35.03418","המסלול בין התחנות ארוך פי 1.38 מהדרך הקצרה ברכב (1039 מ', מאותו כביש ובאותו כיוון נסיעה). ייתכן נתיב תח""צ, איסור פנייה או מסוף — לבדיקה."
"ספק","9א","אלקטרה אפיקים","ניווט","המרץ/היצירה","מגרש הכדורגל/סנדרוב","","0.395","6","2.4","1.45","32.10557","34.93948","המסלול בין התחנות ארוך פי 1.45 מהדרך הקצרה ברכב (869 מ', מאותו כביש ובאותו כיוון נסיעה). ייתכן נתיב תח""צ, איסור פנייה או מסוף — לבדיקה."
"לא ניתן להשוואה","940","דן","detour","הרב כהנמן/רבי עקיבא","ביה''ס אהל צביה/בן זומא","939","0.392","1","0.4","1.69","32.08532","34.83971","לא ניתן להשוואה — קו 939 מתחיל/מסיים את מסלולו באחת התחנות (תחנת-קצה), ולכן אינו מסדרון-מעבר תקף: הוא עושה משם קפיצה ישירה קצרה, בעוד הקו הנבדק עשוי לבצע לולאת-שירות לגיטימית באמצע מסלולו. אין בסיס להשוואת מרחקים."
"ספק","9א","אלקטרה אפיקים","ניווט","מנצורה/המרץ","מגרש הכדורגל/סנדרוב","","0.392","19","7.4","1.55","32.10444","34.94177","המסלול בין התחנות ארוך פי 1.55 מהדרך הקצרה ברכב (708 מ', מאותו כביש ובאותו כיוון נסיעה). ייתכן נתיב תח""צ, איסור פנייה או מסוף — לבדיקה."
"ספק","27","אגד","ניווט","ת. מרכזית המפרץ/רציפים עירוני","ביג שער העיר","","0.39","25","9.7","1.33","32.79268","35.03478","המסלול בין התחנות ארוך פי 1.33 מהדרך הקצרה ברכב (1192 מ', מאותו כביש ובאותו כיוון נסיעה). ייתכן נתיב תח""צ, איסור פנייה או מסוף — לבדיקה."
"ספק","17","קווים","ניווט","אלסנדחאוי ה/טארק בן זיאד","אבן סינאא ד","","0.389","30","11.7","1.53","32.49773","35.04132","המסלול בין התחנות ארוך פי 1.53 מהדרך הקצרה ברכב (737 מ', מאותו כביש ובאותו כיוון נסיעה). ייתכן נתיב תח""צ, איסור פנייה או מסוף — לבדיקה."
"לא ניתן להשוואה","85","קווים","detour","העליה /שרת","וייצמן/סוקולוב","138","0.381","22","8.4","2.53","32.31597","34.92854","לא ניתן להשוואה — כיווניות מנוגדת: קו 138 מגיע לתחנה המשותפת מצד מנוגד (הפרש וקטור הגעה 130° > 90°). הקווים על צירי נסיעה הפוכים — אין בסיס להשוואת מרחקים."
"ספק","567","מטרופולין","ניווט","תחנה מרכזית כפ''ס/רציפים","וייצמן/רוטשילד","","0.38","5","1.9","1.75","32.17416","34.91498","המסלול בין התחנות ארוך פי 1.75 מהדרך הקצרה ברכב (507 מ', מאותו כביש ובאותו כיוון נסיעה). ייתכן נתיב תח""צ, איסור פנייה או מסוף — לבדיקה."
"ספק","567","מטרופולין","ניווט","תחנה מרכזית כפ''ס/רציפים","וייצמן/רוטשילד","","0.38","1","0.4","1.75","32.17416","34.91498","המסלול בין התחנות ארוך פי 1.75 מהדרך הקצרה ברכב (507 מ', מאותו כביש ובאותו כיוון נסיעה). ייתכן נתיב תח""צ, איסור פנייה או מסוף — לבדיקה."
"ספק","90","אגד","ניווט","יצחק רבין/ביאליק","ביאליק/תרנ''א","","0.38","2","0.8","1.91","32.42861","34.92391","המסלול בין התחנות ארוך פי 1.91 מהדרך הקצרה ברכב (416 מ', מאותו כביש ובאותו כיוון נסיעה). ייתכן נתיב תח""צ, איסור פנייה או מסוף — לבדיקה."
"לא ניתן להשוואה","130","דן בדרום","detour","צאלים/מרכז הקיבוץ","קבוץ צאלים","14","0.375","9","3.4","1.58","31.20382","34.5346","לא ניתן להשוואה — קו 14 מתחיל/מסיים את מסלולו באחת התחנות (תחנת-קצה), ולכן אינו מסדרון-מעבר תקף: הוא עושה משם קפיצה ישירה קצרה, בעוד הקו הנבדק עשוי לבצע לולאת-שירות לגיטימית באמצע מסלולו. אין בסיס להשוואת מרחקים."
"אמיתי","84","סופרבוס","selfloop","פיק''א/רוטשילד","גולני/המגינים","95","0.375","1","0.4","","32.79254","35.53177","הקו מקיף ~2.13 סיבובים (כיכר/לולאה) בין ""פיק''א/רוטשילד"" ל-""גולני/המגינים"", בעוד קו 95 עובר אותו ב-0.6 ק""מ — סיבוב מיותר, עיקוף אמיתי."
"ספק","56","קווים","ניווט","דוכיפת","שד. החשמונאים/שד. יצחק רבין","","0.374","33","12.3","1.42","31.89678","35.00204","המסלול בין התחנות ארוך פי 1.42 מהדרך הקצרה ברכב (891 מ', מאותו כביש ובאותו כיוון נסיעה). ייתכן נתיב תח""צ, איסור פנייה או מסוף — לבדיקה."
"ספק","56","קווים","ניווט","דוכיפת","שד. החשמונאים/שד. יצחק רבין","","0.374","6","2.2","1.42","31.89678","35.00204","המסלול בין התחנות ארוך פי 1.42 מהדרך הקצרה ברכב (891 מ', מאותו כביש ובאותו כיוון נסיעה). ייתכן נתיב תח""צ, איסור פנייה או מסוף — לבדיקה."
"ספק","8","דן בדרום","ניווט","תיכון מקיף שלאון","הכרמל/משעול הארבל","","0.373","48","17.9","3.28","31.61105","34.77453","המסלול בין התחנות ארוך פי 3.28 מהדרך הקצרה ברכב (164 מ', מאותו כביש ובאותו כיוון נסיעה). ייתכן נתיב תח""צ, איסור פנייה או מסוף — לבדיקה."
"ספק","181","אלקטרה אפיקים","ניווט","דרך המכבים/שדרות הציונות","בנימין שמוטקין/טוליפמן","","0.371","5","1.9","1.56","31.98153","34.80964","המסלול בין התחנות ארוך פי 1.56 מהדרך הקצרה ברכב (668 מ', מאותו כביש ובאותו כיוון נסיעה). ייתכן נתיב תח""צ, איסור פנייה או מסוף — לבדיקה."
"ספק","144","אגד","ניווט","מחנה בן עמי","גדוד תובלה","","0.369","1","0.4","1.4","31.97762","34.9419","המסלול בין התחנות ארוך פי 1.40 מהדרך הקצרה ברכב (931 מ', מאותו כביש ובאותו כיוון נסיעה). ייתכן נתיב תח""צ, איסור פנייה או מסוף — לבדיקה."
"אמיתי","8","אלקטרה אפיקים","selfloop","שדרות הרצל/עוזי חיטמן","שדרות הציונות/שדרות הרצל","177","0.363","8","2.9","","31.86303","34.72601","הקו מקיף ~1.5 סיבובים (כיכר/לולאה) בין ""שדרות הרצל/עוזי חיטמן"" ל-""שדרות הציונות/שדרות הרצל"", בעוד קו 177 עובר אותו ב-0.3 ק""מ — סיבוב מיותר, עיקוף אמיתי."
"ספק","1","סופרבוס","ניווט","ת. מרכזית חוף הכרמל/רציף לילה ושבת","סחרוב","","0.363","44","16","1.44","32.79398","34.9596","המסלול בין התחנות ארוך פי 1.44 מהדרך הקצרה ברכב (815 מ', מאותו כביש ובאותו כיוון נסיעה). ייתכן נתיב תח""צ, איסור פנייה או מסוף — לבדיקה."
"ספק","11","דן בדרום","ניווט","האחוזה/חידקל","האחוזה/נחל פרת","","0.363","13","4.7","1.83","31.53669","34.58108","המסלול בין התחנות ארוך פי 1.83 מהדרך הקצרה ברכב (435 מ', מאותו כביש ובאותו כיוון נסיעה). ייתכן נתיב תח""צ, איסור פנייה או מסוף — לבדיקה."
"ספק","1","סופרבוס","ניווט","ת. מרכזית חוף הכרמל/רציף לילה ושבת","סחרוב","","0.363","13","4.7","1.44","32.79398","34.9596","המסלול בין התחנות ארוך פי 1.44 מהדרך הקצרה ברכב (815 מ', מאותו כביש ובאותו כיוון נסיעה). ייתכן נתיב תח""צ, איסור פנייה או מסוף — לבדיקה."
"ספק","2","סופרבוס","ניווט","צומת מחנה גדעון","אזור התעשייה/כביש 71","","0.36","34","12.2","2.32","32.51308","35.49501","המסלול בין התחנות ארוך פי 2.32 מהדרך הקצרה ברכב (272 מ', מאותו כביש ובאותו כיוון נסיעה). ייתכן נתיב תח""צ, איסור פנייה או מסוף — לבדיקה."
"ספק","4","מטרופולין","ניווט","מכללת טירה/דרך יפו","המוביל/טארק עבד אל חי","","0.358","26","9.3","4.77","32.22964","34.94378","המסלול בין התחנות ארוך פי 4.77 מהדרך הקצרה ברכב (95 מ', מאותו כביש ובאותו כיוון נסיעה). ייתכן נתיב תח""צ, איסור פנייה או מסוף — לבדיקה."
"ספק","14","אגד","ניווט","מרכזית הקריות/איסוף","חיים טופול/הברוש","","0.358","52","18.6","2.06","32.85936","35.08996","המסלול בין התחנות ארוך פי 2.06 מהדרך הקצרה ברכב (338 מ', מאותו כביש ובאותו כיוון נסיעה). ייתכן נתיב תח""צ, איסור פנייה או מסוף — לבדיקה."
"לא ניתן להשוואה","12","אגד","detour","דרכי חיים/סביון","דרכי חיים א'","29","0.356","18","6.4","2.31","32.75632","35.10431","לא ניתן להשוואה — הקו הנבדק מגיע לתחנה ""דרכי חיים/סביון"" מתחנה קודמת (בית כנסת ניסים/האירוסים) הרחוקה 165 מ' מזו של קו 29 (הנרקיסים/האירוסים ב). צירי-הכניסה שונים לגמרי — הקווים אינם חולקים את אותו מקטע, אין בסיס להשוואת מרחקים."
"ספק","40","אגד","ניווט","ת. מרכזית המפרץ/רציפים בינעירוני","שדרות ההסתדרות/צומת הקריות","","0.354","38","13.5","1.34","32.79324","35.03418","המסלול בין התחנות ארוך פי 1.34 מהדרך הקצרה ברכב (1035 מ', מאותו כביש ובאותו כיוון נסיעה). ייתכן נתיב תח""צ, איסור פנייה או מסוף — לבדיקה."
"ספק","395","סופרבוס","ניווט","קדש/העצמאות","העצמאות/משעול הלוטם","","0.354","1","0.4","1.94","32.68036","35.23553","המסלול בין התחנות ארוך פי 1.94 מהדרך הקצרה ברכב (378 מ', מאותו כביש ובאותו כיוון נסיעה). ייתכן נתיב תח""צ, איסור פנייה או מסוף — לבדיקה."
"ספק","430","אגד","ניווט","הבנים/הקישון","ת. מרכזית טבריה/הורדה","","0.353","1","0.4","1.54","32.7867","35.54106","המסלול בין התחנות ארוך פי 1.54 מהדרך הקצרה ברכב (650 מ', מאותו כביש ובאותו כיוון נסיעה). ייתכן נתיב תח""צ, איסור פנייה או מסוף — לבדיקה."
"ספק","79","מועצה אזורית גולן","ניווט","כפר חרוב הרחבה","כפר חרוב/קופת חולים","","0.353","1","0.4","1.49","32.76568","35.66638","המסלול בין התחנות ארוך פי 1.49 מהדרך הקצרה ברכב (726 מ', מאותו כביש ובאותו כיוון נסיעה). ייתכן נתיב תח""צ, איסור פנייה או מסוף — לבדיקה."
"ספק","115","אגד","ניווט","ת. מרכזית המפרץ/רציפים עירוני","שדרות ההסתדרות/צומת הקריות","","0.351","8","2.8","1.44","32.79268","35.03478","המסלול בין התחנות ארוך פי 1.44 מהדרך הקצרה ברכב (794 מ', מאותו כביש ובאותו כיוון נסיעה). ייתכן נתיב תח""צ, איסור פנייה או מסוף — לבדיקה."
"ספק","60","אקסטרה","ניווט","הגפן/השקד","בית גיל הזהב/השקד","","0.349","33","11.5","1.86","32.3519","34.86273","המסלול בין התחנות ארוך פי 1.86 מהדרך הקצרה ברכב (404 מ', מאותו כביש ובאותו כיוון נסיעה). ייתכן נתיב תח""צ, איסור פנייה או מסוף — לבדיקה."
"ספק","25","אקסטרה","ניווט","הגפן/השקד","בית גיל הזהב/השקד","","0.349","47","16.4","1.86","32.3519","34.86273","המסלול בין התחנות ארוך פי 1.86 מהדרך הקצרה ברכב (404 מ', מאותו כביש ובאותו כיוון נסיעה). ייתכן נתיב תח""צ, איסור פנייה או מסוף — לבדיקה."
"ספק","4","גלים","ניווט","שכונה 24","מרכז פיס לגיל הזהב","","0.342","38","13","1.4","31.39335","34.76002","המסלול בין התחנות ארוך פי 1.40 מהדרך הקצרה ברכב (846 מ', מאותו כביש ובאותו כיוון נסיעה). ייתכן נתיב תח""צ, איסור פנייה או מסוף — לבדיקה."
"ספק","2","קווים","ניווט","קופ''ח כללית","העצמאות/נרקיסים","","0.339","2","0.7","1.44","32.27123","34.88946","המסלול בין התחנות ארוך פי 1.44 מהדרך הקצרה ברכב (767 מ', מאותו כביש ובאותו כיוון נסיעה). ייתכן נתיב תח""צ, איסור פנייה או מסוף — לבדיקה."
"ספק","1","קווים","ניווט","קופ''ח כללית","העצמאות/נרקיסים","","0.339","2","0.7","1.44","32.27123","34.88946","המסלול בין התחנות ארוך פי 1.44 מהדרך הקצרה ברכב (767 מ', מאותו כביש ובאותו כיוון נסיעה). ייתכן נתיב תח""צ, איסור פנייה או מסוף — לבדיקה."
"ספק","44","סופרבוס","ניווט","ברנר/שדרות הדייגים","ת. מרכזית טבריה/הורדה","","0.338","3","1","1.91","32.78515","35.53587","המסלול בין התחנות ארוך פי 1.91 מהדרך הקצרה ברכב (373 מ', מאותו כביש ובאותו כיוון נסיעה). ייתכן נתיב תח""צ, איסור פנייה או מסוף — לבדיקה."
"ספק","4","נתיב אקספרס","ניווט","מעלה המסגד/שביל המסגדים","מעונה א","","0.335","26","8.7","1.39","33.01109","35.2684","המסלול בין התחנות ארוך פי 1.39 מהדרך הקצרה ברכב (859 מ', מאותו כביש ובאותו כיוון נסיעה). ייתכן נתיב תח""צ, איסור פנייה או מסוף — לבדיקה."
"ספק","26א","אגד","ניווט","תחנת רכבת קלה הר הרצל","זנגוויל/תורה ועבודה","","0.333","14","4.7","1.65","31.77101","35.18151","המסלול בין התחנות ארוך פי 1.65 מהדרך הקצרה ברכב (513 מ', מאותו כביש ובאותו כיוון נסיעה). ייתכן נתיב תח""צ, איסור פנייה או מסוף — לבדיקה."
"ספק","26","אגד","ניווט","תחנת רכבת קלה הר הרצל","זנגוויל/תורה ועבודה","","0.332","6","2","1.65","31.77101","35.18151","המסלול בין התחנות ארוך פי 1.65 מהדרך הקצרה ברכב (513 מ', מאותו כביש ובאותו כיוון נסיעה). ייתכן נתיב תח""צ, איסור פנייה או מסוף — לבדיקה."
"ספק","24","אגד","ניווט","תחנת רכבת קלה הר הרצל","זנגוויל/תורה ועבודה","","0.331","63","20.8","1.53","31.77101","35.18151","המסלול בין התחנות ארוך פי 1.53 מהדרך הקצרה ברכב (624 מ', מאותו כביש ובאותו כיוון נסיעה). ייתכן נתיב תח""צ, איסור פנייה או מסוף — לבדיקה."
"ספק","24","אגד","ניווט","תחנת רכבת קלה הר הרצל","זנגוויל/תורה ועבודה","","0.331","3","1","1.53","31.77101","35.18151","המסלול בין התחנות ארוך פי 1.53 מהדרך הקצרה ברכב (624 מ', מאותו כביש ובאותו כיוון נסיעה). ייתכן נתיב תח""צ, איסור פנייה או מסוף — לבדיקה."
"ספק","29","אגד","ניווט","תחנת רכבת קלה הר הרצל","שמריהו לוין/קרית היובל","","0.329","108","35.5","1.52","31.77101","35.18151","המסלול בין התחנות ארוך פי 1.52 מהדרך הקצרה ברכב (638 מ', מאותו כביש ובאותו כיוון נסיעה). ייתכן נתיב תח""צ, איסור פנייה או מסוף — לבדיקה."
"ספק","130","דן בדרום","ניווט","צאלים/מרכז הקיבוץ","צומת צאלים","","0.327","7","2.3","1.49","31.20382","34.5346","המסלול בין התחנות ארוך פי 1.49 מהדרך הקצרה ברכב (662 מ', מאותו כביש ובאותו כיוון נסיעה). ייתכן נתיב תח""צ, איסור פנייה או מסוף — לבדיקה."
"ספק","130","דן בדרום","ניווט","צאלים/מרכז הקיבוץ","צומת צאלים","","0.327","16","5.2","1.49","31.20382","34.5346","המסלול בין התחנות ארוך פי 1.49 מהדרך הקצרה ברכב (662 מ', מאותו כביש ובאותו כיוון נסיעה). ייתכן נתיב תח""צ, איסור פנייה או מסוף — לבדיקה."
"ספק","39","קווים","ניווט","צומת קלנסאווה/אל קודס","קלנסווה/יציאה צפונית","","0.321","17","5.5","1.5","32.28427","34.98611","המסלול בין התחנות ארוך פי 1.50 מהדרך הקצרה ברכב (641 מ', מאותו כביש ובאותו כיוון נסיעה). ייתכן נתיב תח""צ, איסור פנייה או מסוף — לבדיקה."
"ספק","139","קווים","ניווט","צומת קלנסאווה/אל קודס","קלנסווה/יציאה צפונית","","0.321","5","1.6","1.5","32.28427","34.98611","המסלול בין התחנות ארוך פי 1.50 מהדרך הקצרה ברכב (641 מ', מאותו כביש ובאותו כיוון נסיעה). ייתכן נתיב תח""צ, איסור פנייה או מסוף — לבדיקה."
"ספק","774","קווים","ניווט","צומת קלנסאווה/אל קודס","קלנסווה/יציאה צפונית","","0.321","5","1.6","1.5","32.28427","34.98611","המסלול בין התחנות ארוך פי 1.50 מהדרך הקצרה ברכב (641 מ', מאותו כביש ובאותו כיוון נסיעה). ייתכן נתיב תח""צ, איסור פנייה או מסוף — לבדיקה."
"ספק","774","קווים","ניווט","צומת קלנסאווה/אל קודס","קלנסווה/יציאה צפונית","","0.321","2","0.6","1.5","32.28427","34.98611","המסלול בין התחנות ארוך פי 1.50 מהדרך הקצרה ברכב (641 מ', מאותו כביש ובאותו כיוון נסיעה). ייתכן נתיב תח""צ, איסור פנייה או מסוף — לבדיקה."
"ספק","23","מטרופולין","ניווט","צומת קלנסאווה/אל קודס","קלנסווה/יציאה צפונית","","0.321","5","1.6","1.5","32.28427","34.98611","המסלול בין התחנות ארוך פי 1.50 מהדרך הקצרה ברכב (641 מ', מאותו כביש ובאותו כיוון נסיעה). ייתכן נתיב תח""צ, איסור פנייה או מסוף — לבדיקה."
"ספק","139","קווים","ניווט","צומת קלנסאווה/אל קודס","קלנסווה/יציאה צפונית","","0.321","6","1.9","1.5","32.28427","34.98611","המסלול בין התחנות ארוך פי 1.50 מהדרך הקצרה ברכב (641 מ', מאותו כביש ובאותו כיוון נסיעה). ייתכן נתיב תח""צ, איסור פנייה או מסוף — לבדיקה."
"ספק","20","אגד","ניווט","תחנת רכבת קלה הר הרצל","הנטקה/שמריהו לוין","","0.32","46","14.7","1.5","31.77101","35.18151","המסלול בין התחנות ארוך פי 1.50 מהדרך הקצרה ברכב (642 מ', מאותו כביש ובאותו כיוון נסיעה). ייתכן נתיב תח""צ, איסור פנייה או מסוף — לבדיקה."
"ספק","20","אגד","ניווט","תחנת רכבת קלה הר הרצל","הנטקה/שמריהו לוין","","0.32","22","7","1.5","31.77101","35.18151","המסלול בין התחנות ארוך פי 1.50 מהדרך הקצרה ברכב (642 מ', מאותו כביש ובאותו כיוון נסיעה). ייתכן נתיב תח""צ, איסור פנייה או מסוף — לבדיקה."
"ספק","261","אגד","ניווט","ת. מרכזית כרמיאל/רציפים","ת.רכבת כרמיאל/דרור","","0.32","3","1","2.39","32.92295","35.2998","המסלול בין התחנות ארוך פי 2.39 מהדרך הקצרה ברכב (230 מ', מאותו כביש ובאותו כיוון נסיעה). ייתכן נתיב תח""צ, איסור פנייה או מסוף — לבדיקה."
"ספק","3","קווים","ניווט","חברת החשמל","יוספטל/אפריאט","","0.318","6","1.9","2.08","31.94036","34.87112","המסלול בין התחנות ארוך פי 2.08 מהדרך הקצרה ברכב (296 מ', מאותו כביש ובאותו כיוון נסיעה). ייתכן נתיב תח""צ, איסור פנייה או מסוף — לבדיקה."
"ספק","3","קווים","ניווט","חברת החשמל","יוספטל/אפריאט","","0.318","15","4.8","2.07","31.94036","34.87112","המסלול בין התחנות ארוך פי 2.07 מהדרך הקצרה ברכב (296 מ', מאותו כביש ובאותו כיוון נסיעה). ייתכן נתיב תח""צ, איסור פנייה או מסוף — לבדיקה."
"לא ניתן להשוואה","24","אגד","detour","צומת תל חי","מכללת תל חי קמפוס מזרחי","10","0.314","6","1.9","1.6","33.23515","35.58012","לא ניתן להשוואה — סדר תחנות שונה: קו 10 עובר דרך 1 תחנת/ות ביניים נוספת/ות בין ""צומת תל חי"" ל-""מכללת תל חי קמפוס מזרחי"" (A→…→B), בעוד הקו הנבדק עובר ישירות. זו בחירת תכנון מסלול, לא עיקוף — אין משמעות ליחס-מרחקים."
"אמיתי","100","אגד","detour","היכל התרבות/זבוטינסקי","הכרמל/הרצל","20","0.313","76","23.8","1.57","31.96267","34.80006","הקו נוסע פי 1.55 מהדרך הקצרה בכביש (ניווט OSRM: 557 מ') — עיקוף אמיתי לפי אמת אובייקטיבית."
"ספק","965","דן","ניווט","אברבנאל/צבי הרלינג","הרב נורוק/אברבנאל","","0.313","1","0.3","1.47","32.09582","34.83793","המסלול בין התחנות ארוך פי 1.47 מהדרך הקצרה ברכב (669 מ', מאותו כביש ובאותו כיוון נסיעה). ייתכן נתיב תח""צ, איסור פנייה או מסוף — לבדיקה."
"כיסוי לגיטימי","361","אלקטרה אפיקים תחבורה","detour","חטמ''ר עציון","מגיני הגוש/כ''ח באייר","371","0.309","8","2.5","1.36","31.64837","35.12358","וריאנט של הקו עוצר בתחנות-ביניים בתוך המקטע (כיסוי שכונה) — לא עיקוף מיותר, אלא בחירת מסלול שמשרתת נוסעים."
"כיסוי לגיטימי","362","אלקטרה אפיקים תחבורה","detour","חטמ''ר עציון","מגיני הגוש/כ''ח באייר","371","0.309","8","2.5","1.36","31.64837","35.12358","וריאנט של הקו עוצר בתחנות-ביניים בתוך המקטע (כיסוי שכונה) — לא עיקוף מיותר, אלא בחירת מסלול שמשרתת נוסעים."
"ספק","38","גי.בי.טורס","ניווט","הגפן/החיטה","חרוד/החצב","","0.308","4","1.2","1.94","32.69511","35.31482","המסלול בין התחנות ארוך פי 1.94 מהדרך הקצרה ברכב (328 מ', מאותו כביש ובאותו כיוון נסיעה). ייתכן נתיב תח""צ, איסור פנייה או מסוף — לבדיקה."
"ספק","10","קווים","ניווט","מסוף רכבת קיסריה פרדס חנה/איסוף","חלמיש/שוהם","","0.307","15","4.6","1.35","32.48598","34.95392","המסלול בין התחנות ארוך פי 1.35 מהדרך הקצרה ברכב (879 מ', מאותו כביש ובאותו כיוון נסיעה). ייתכן נתיב תח""צ, איסור פנייה או מסוף — לבדיקה."
"ספק","28","אגד","ניווט","מסוף רכבת קיסריה פרדס חנה/איסוף","חלמיש/שוהם","","0.307","1","0.3","1.35","32.48598","34.95392","המסלול בין התחנות ארוך פי 1.35 מהדרך הקצרה ברכב (879 מ', מאותו כביש ובאותו כיוון נסיעה). ייתכן נתיב תח""צ, איסור פנייה או מסוף — לבדיקה."
"ספק","241","קווים","ניווט","מסוף רכבת קיסריה פרדס חנה/איסוף","חלמיש/שוהם","","0.307","4","1.2","1.35","32.48598","34.95392","המסלול בין התחנות ארוך פי 1.35 מהדרך הקצרה ברכב (879 מ', מאותו כביש ובאותו כיוון נסיעה). ייתכן נתיב תח""צ, איסור פנייה או מסוף — לבדיקה."
"ספק","241","קווים","ניווט","מסוף רכבת קיסריה פרדס חנה/איסוף","חלמיש/שוהם","","0.307","4","1.2","1.35","32.48598","34.95392","המסלול בין התחנות ארוך פי 1.35 מהדרך הקצרה ברכב (879 מ', מאותו כביש ובאותו כיוון נסיעה). ייתכן נתיב תח""צ, איסור פנייה או מסוף — לבדיקה."
"ספק","17א","נתיב אקספרס","ניווט","גן/בית קברות","עומר בן אל ח'טאב/נוח אבראהים","","0.307","36","11","1.8","32.8531","35.20985","המסלול בין התחנות ארוך פי 1.80 מהדרך הקצרה ברכב (381 מ', מאותו כביש ובאותו כיוון נסיעה). ייתכן נתיב תח""צ, איסור פנייה או מסוף — לבדיקה."
"ספק","11","קווים","ניווט","מסוף רכבת קיסריה פרדס חנה/איסוף","חלמיש/שוהם","","0.307","15","4.6","1.35","32.48598","34.95392","המסלול בין התחנות ארוך פי 1.35 מהדרך הקצרה ברכב (879 מ', מאותו כביש ובאותו כיוון נסיעה). ייתכן נתיב תח""צ, איסור פנייה או מסוף — לבדיקה."
"ספק","532","מטרופולין","ניווט","מחנה גלילות/איסוף","מחנה צבא/אהרון יריב","","0.306","2","0.6","1.66","32.14583","34.81844","המסלול בין התחנות ארוך פי 1.66 מהדרך הקצרה ברכב (465 מ', מאותו כביש ובאותו כיוון נסיעה). ייתכן נתיב תח""צ, איסור פנייה או מסוף — לבדיקה."
"רעש","356","סופרבוס","detour","מתנ''ס הר יונה/יקינטון","יקינטון/ניצן","36","0.303","18","5.5","2.27","32.72485","35.33705","הקו הנבדק נוסע 541 מ' — כמעט בדיוק המרחק האווירי (488 מ') בין התחנות, כלומר מסלול ישיר. אין עיקוף; ה""עודף"" נובע ממדידת קו-הייחוס קצרה מהרגיל."
"רעש","356","סופרבוס","detour","מתנ''ס הר יונה/יקינטון","יקינטון/ניצן","36","0.303","3","0.9","2.27","32.72485","35.33705","הקו הנבדק נוסע 541 מ' — כמעט בדיוק המרחק האווירי (488 מ') בין התחנות, כלומר מסלול ישיר. אין עיקוף; ה""עודף"" נובע ממדידת קו-הייחוס קצרה מהרגיל."
"רעש","2","ש.א.מ","detour","מתנ''ס הר יונה/יקינטון","יקינטון/ניצן","36","0.303","28","8.5","2.27","32.72485","35.33705","הקו הנבדק נוסע 541 מ' — כמעט בדיוק המרחק האווירי (488 מ') בין התחנות, כלומר מסלול ישיר. אין עיקוף; ה""עודף"" נובע ממדידת קו-הייחוס קצרה מהרגיל."
"רעש","16","ש.א.מ","detour","מתנ''ס הר יונה/יקינטון","יקינטון/ניצן","36","0.303","25","7.6","2.27","32.72485","35.33705","הקו הנבדק נוסע 541 מ' — כמעט בדיוק המרחק האווירי (488 מ') בין התחנות, כלומר מסלול ישיר. אין עיקוף; ה""עודף"" נובע ממדידת קו-הייחוס קצרה מהרגיל."
"רעש","826","אגד","detour","מתנ''ס הר יונה/יקינטון","יקינטון/ניצן","36","0.303","4","1.2","2.27","32.72485","35.33705","הקו הנבדק נוסע 541 מ' — כמעט בדיוק המרחק האווירי (488 מ') בין התחנות, כלומר מסלול ישיר. אין עיקוף; ה""עודף"" נובע ממדידת קו-הייחוס קצרה מהרגיל."
"רעש","5","ש.א.מ","detour","מתנ''ס הר יונה/יקינטון","יקינטון/ניצן","36","0.303","22","6.7","2.27","32.72485","35.33705","הקו הנבדק נוסע 541 מ' — כמעט בדיוק המרחק האווירי (488 מ') בין התחנות, כלומר מסלול ישיר. אין עיקוף; ה""עודף"" נובע ממדידת קו-הייחוס קצרה מהרגיל."
"רעש","12","ש.א.מ","detour","מתנ''ס הר יונה/יקינטון","יקינטון/ניצן","36","0.303","6","1.8","2.27","32.72485","35.33705","הקו הנבדק נוסע 541 מ' — כמעט בדיוק המרחק האווירי (488 מ') בין התחנות, כלומר מסלול ישיר. אין עיקוף; ה""עודף"" נובע ממדידת קו-הייחוס קצרה מהרגיל."
"רעש","87","ש.א.מ","detour","מתנ''ס הר יונה/יקינטון","יקינטון/ניצן","36","0.303","1","0.3","2.27","32.72485","35.33705","הקו הנבדק נוסע 541 מ' — כמעט בדיוק המרחק האווירי (488 מ') בין התחנות, כלומר מסלול ישיר. אין עיקוף; ה""עודף"" נובע ממדידת קו-הייחוס קצרה מהרגיל."
"רעש","332","נסיעות ותיירות","detour","מתנ''ס הר יונה/יקינטון","יקינטון/ניצן","36","0.303","3","0.9","2.27","32.72485","35.33705","הקו הנבדק נוסע 541 מ' — כמעט בדיוק המרחק האווירי (488 מ') בין התחנות, כלומר מסלול ישיר. אין עיקוף; ה""עודף"" נובע ממדידת קו-הייחוס קצרה מהרגיל."
"רעש","202","אלקטרה אפיקים תחבורה","detour","מעלה אריאל/אבני מילואים","מעלה אריאל","216","0.303","1","0.3","5.11","31.81501","35.39473","הקו הנבדק נוסע 377 מ' — כמעט בדיוק המרחק האווירי (376 מ') בין התחנות, כלומר מסלול ישיר. אין עיקוף; ה""עודף"" נובע ממדידת קו-הייחוס קצרה מהרגיל."
"ספק","36","אגד","ניווט","דן/מרכז","מסעף קיבוץ דן","","0.299","7","2.1","1.37","33.23935","35.65307","המסלול בין התחנות ארוך פי 1.37 מהדרך הקצרה ברכב (815 מ', מאותו כביש ובאותו כיוון נסיעה). ייתכן נתיב תח""צ, איסור פנייה או מסוף — לבדיקה."
"ספק","133","אגד","ניווט","מדעטק/בלפור","העירייה","","0.298","8","2.4","1.66","32.8098","34.99705","המסלול בין התחנות ארוך פי 1.66 מהדרך הקצרה ברכב (449 מ', מאותו כביש ובאותו כיוון נסיעה). ייתכן נתיב תח""צ, איסור פנייה או מסוף — לבדיקה."
"אמיתי","96","מטרופולין","selfloop","השומר/חטיבת יפתח","ז'בוטינסקי/השומר","30","0.297","1","0.3","","32.13679","34.87373","הקו מקיף ~1.22 סיבובים (כיכר/לולאה) בין ""השומר/חטיבת יפתח"" ל-""ז'בוטינסקי/השומר"", בעוד קו 30 עובר אותו ב-0.6 ק""מ — סיבוב מיותר, עיקוף אמיתי."
"ספק","32","קווים","ניווט","יד לבנים/דרך הבנים","דרך הנדיב/הנוטר","","0.297","4","1.2","1.99","32.47509","34.97394","המסלול בין התחנות ארוך פי 1.99 מהדרך הקצרה ברכב (301 מ', מאותו כביש ובאותו כיוון נסיעה). ייתכן נתיב תח""צ, איסור פנייה או מסוף — לבדיקה."
"ספק","70","קווים","ניווט","יד לבנים/דרך הבנים","דרך הנדיב/הנוטר","","0.297","27","8","1.99","32.47509","34.97394","המסלול בין התחנות ארוך פי 1.99 מהדרך הקצרה ברכב (301 מ', מאותו כביש ובאותו כיוון נסיעה). ייתכן נתיב תח""צ, איסור פנייה או מסוף — לבדיקה."
"ספק","70","קווים","ניווט","יד לבנים/דרך הבנים","דרך הנדיב/הנוטר","","0.297","6","1.8","1.99","32.47509","34.97394","המסלול בין התחנות ארוך פי 1.99 מהדרך הקצרה ברכב (301 מ', מאותו כביש ובאותו כיוון נסיעה). ייתכן נתיב תח""צ, איסור פנייה או מסוף — לבדיקה."
"ספק","70","קווים","ניווט","יד לבנים/דרך הבנים","דרך הנדיב/הנוטר","","0.297","5","1.5","1.99","32.47509","34.97394","המסלול בין התחנות ארוך פי 1.99 מהדרך הקצרה ברכב (301 מ', מאותו כביש ובאותו כיוון נסיעה). ייתכן נתיב תח""צ, איסור פנייה או מסוף — לבדיקה."
"ספק","70","קווים","ניווט","יד לבנים/דרך הבנים","דרך הנדיב/הנוטר","","0.297","1","0.3","1.99","32.47509","34.97394","המסלול בין התחנות ארוך פי 1.99 מהדרך הקצרה ברכב (301 מ', מאותו כביש ובאותו כיוון נסיעה). ייתכן נתיב תח""צ, איסור פנייה או מסוף — לבדיקה."
"ספק","37","נתיב אקספרס","ניווט","'לוטם ב","'לוטם א","","0.295","6","1.8","1.33","32.88296","35.35894","המסלול בין התחנות ארוך פי 1.33 מהדרך הקצרה ברכב (895 מ', מאותו כביש ובאותו כיוון נסיעה). ייתכן נתיב תח""צ, איסור פנייה או מסוף — לבדיקה."
"ספק","37","נתיב אקספרס","ניווט","'לוטם ב","'לוטם א","","0.295","6","1.8","1.33","32.88296","35.35894","המסלול בין התחנות ארוך פי 1.33 מהדרך הקצרה ברכב (895 מ', מאותו כביש ובאותו כיוון נסיעה). ייתכן נתיב תח""צ, איסור פנייה או מסוף — לבדיקה."
"לא ניתן להשוואה","5","סופרבוס","detour","דרך חטיבת גולני/האלונים","ששת הימים/הנשיאים","4","0.291","40","11.6","1.64","32.67453","35.24586","לא ניתן להשוואה — קו 4 מתחיל/מסיים את מסלולו באחת התחנות (תחנת-קצה), ולכן אינו מסדרון-מעבר תקף: הוא עושה משם קפיצה ישירה קצרה, בעוד הקו הנבדק עשוי לבצע לולאת-שירות לגיטימית באמצע מסלולו. אין בסיס להשוואת מרחקים."
"ספק","319","אגד","ניווט","בנימין/מקס נורדאו","סירני/הבעש''ט","","0.291","13","3.8","1.38","31.89511","34.81531","המסלול בין התחנות ארוך פי 1.38 מהדרך הקצרה ברכב (762 מ', מאותו כביש ובאותו כיוון נסיעה). ייתכן נתיב תח""צ, איסור פנייה או מסוף — לבדיקה."
"ספק","70","קווים","ניווט","יד לבנים/דרך הבנים","דרך הנדיב/דרך הבנים","","0.291","28","8.2","1.81","32.47509","34.97394","המסלול בין התחנות ארוך פי 1.81 מהדרך הקצרה ברכב (359 מ', מאותו כביש ובאותו כיוון נסיעה). ייתכן נתיב תח""צ, איסור פנייה או מסוף — לבדיקה."
"ספק","319","אגד","ניווט","בנימין/מקס נורדאו","סירני/הבעש''ט","","0.291","5","1.5","1.38","31.89511","34.81531","המסלול בין התחנות ארוך פי 1.38 מהדרך הקצרה ברכב (762 מ', מאותו כביש ובאותו כיוון נסיעה). ייתכן נתיב תח""צ, איסור פנייה או מסוף — לבדיקה."
"ספק","70","קווים","ניווט","יד לבנים/דרך הבנים","דרך הנדיב/דרך הבנים","","0.291","1","0.3","1.81","32.47509","34.97394","המסלול בין התחנות ארוך פי 1.81 מהדרך הקצרה ברכב (359 מ', מאותו כביש ובאותו כיוון נסיעה). ייתכן נתיב תח""צ, איסור פנייה או מסוף — לבדיקה."
"ספק","26","סופרבוס","ניווט","הבנים/הקישון","ת. מרכזית טבריה/הורדה","","0.291","7","2","1.45","32.7867","35.54106","המסלול בין התחנות ארוך פי 1.45 מהדרך הקצרה ברכב (650 מ', מאותו כביש ובאותו כיוון נסיעה). ייתכן נתיב תח""צ, איסור פנייה או מסוף — לבדיקה."
"ספק","28","סופרבוס","ניווט","הבנים/הקישון","ת. מרכזית טבריה/הורדה","","0.291","32","9.3","1.45","32.7867","35.54106","המסלול בין התחנות ארוך פי 1.45 מהדרך הקצרה ברכב (650 מ', מאותו כביש ובאותו כיוון נסיעה). ייתכן נתיב תח""צ, איסור פנייה או מסוף — לבדיקה."
"ספק","32","קווים","ניווט","יד לבנים/דרך הבנים","דרך הנדיב/דרך הבנים","","0.291","1","0.3","1.81","32.47509","34.97394","המסלול בין התחנות ארוך פי 1.81 מהדרך הקצרה ברכב (359 מ', מאותו כביש ובאותו כיוון נסיעה). ייתכן נתיב תח""צ, איסור פנייה או מסוף — לבדיקה."
"ספק","57","מועצה אזורית גולן","ניווט","הבנים/הקישון","ת. מרכזית טבריה/הורדה","","0.29","6","1.7","1.45","32.7867","35.54106","המסלול בין התחנות ארוך פי 1.45 מהדרך הקצרה ברכב (651 מ', מאותו כביש ובאותו כיוון נסיעה). ייתכן נתיב תח""צ, איסור פנייה או מסוף — לבדיקה."
"ספק","961","אגד","ניווט","הבנים/הקישון","ת. מרכזית טבריה/הורדה","","0.29","17","4.9","1.45","32.7867","35.54106","המסלול בין התחנות ארוך פי 1.45 מהדרך הקצרה ברכב (650 מ', מאותו כביש ובאותו כיוון נסיעה). ייתכן נתיב תח""צ, איסור פנייה או מסוף — לבדיקה."
"ספק","57","מועצה אזורית גולן","ניווט","הבנים/הקישון","ת. מרכזית טבריה/הורדה","","0.29","2","0.6","1.45","32.7867","35.54106","המסלול בין התחנות ארוך פי 1.45 מהדרך הקצרה ברכב (651 מ', מאותו כביש ובאותו כיוון נסיעה). ייתכן נתיב תח""צ, איסור פנייה או מסוף — לבדיקה."
"אמיתי","4","דן בדרום","selfloop","ת. רכבת שדרות","דרך מנחם בגין/דרך הרב שלום איפרגן","89","0.289","29","8.4","","31.51604","34.58736","הקו מקיף ~1.25 סיבובים (כיכר/לולאה) בין ""ת. רכבת שדרות"" ל-""דרך מנחם בגין/דרך הרב שלום איפרגן"", בעוד קו 89 עובר אותו ב-0.7 ק""מ — סיבוב מיותר, עיקוף אמיתי."
"אמיתי","4א","דן בדרום","selfloop","ת. רכבת שדרות","דרך מנחם בגין/דרך הרב שלום איפרגן","89","0.289","8","2.3","","31.51604","34.58736","הקו מקיף ~1.25 סיבובים (כיכר/לולאה) בין ""ת. רכבת שדרות"" ל-""דרך מנחם בגין/דרך הרב שלום איפרגן"", בעוד קו 89 עובר אותו ב-0.7 ק""מ — סיבוב מיותר, עיקוף אמיתי."
"ספק","109","נתיב אקספרס","ניווט","מרכז","שכונה מזרחית","","0.288","9","2.6","1.98","32.8905","35.24161","המסלול בין התחנות ארוך פי 1.98 מהדרך הקצרה ברכב (295 מ', מאותו כביש ובאותו כיוון נסיעה). ייתכן נתיב תח""צ, איסור פנייה או מסוף — לבדיקה."
"ספק","98","אגד","ניווט","ששת הימים/יום הכיפורים","משה פריד/בורוכוב","","0.286","1","0.3","1.32","31.88165","34.78909","המסלול בין התחנות ארוך פי 1.32 מהדרך הקצרה ברכב (892 מ', מאותו כביש ובאותו כיוון נסיעה). ייתכן נתיב תח""צ, איסור פנייה או מסוף — לבדיקה."
"ספק","437","תנופה","ניווט","מסוף שדרות הראשונים","בסיס צבאי","","0.286","4","1.1","3.46","32.14714","35.11521","המסלול בין התחנות ארוך פי 3.46 מהדרך הקצרה ברכב (116 מ', מאותו כביש ובאותו כיוון נסיעה). ייתכן נתיב תח""צ, איסור פנייה או מסוף — לבדיקה."
"ספק","65","תנופה","ניווט","מסוף שדרות הראשונים","בסיס צבאי","","0.286","5","1.4","3.46","32.14714","35.11521","המסלול בין התחנות ארוך פי 3.46 מהדרך הקצרה ברכב (116 מ', מאותו כביש ובאותו כיוון נסיעה). ייתכן נתיב תח""צ, איסור פנייה או מסוף — לבדיקה."
"ספק","103","תנופה","ניווט","מסוף שדרות הראשונים","בסיס צבאי","","0.286","1","0.3","3.46","32.14714","35.11521","המסלול בין התחנות ארוך פי 3.46 מהדרך הקצרה ברכב (116 מ', מאותו כביש ובאותו כיוון נסיעה). ייתכן נתיב תח""צ, איסור פנייה או מסוף — לבדיקה."
"ספק","322","מטרופולין","ניווט","הרב גרשונוביץ/דרכי רפאל","הרב גרשנוביץ/חיל הים","","0.284","6","1.7","1.85","31.42642","34.58671","המסלול בין התחנות ארוך פי 1.85 מהדרך הקצרה ברכב (335 מ', מאותו כביש ובאותו כיוון נסיעה). ייתכן נתיב תח""צ, איסור פנייה או מסוף — לבדיקה."
"ספק","69","סופרבוס","ניווט","שדרות מנחם בגין/וינגייט","גולדה מאיר/סייפן","","0.283","1","0.3","1.46","32.79736","35.52286","המסלול בין התחנות ארוך פי 1.46 מהדרך הקצרה ברכב (616 מ', מאותו כביש ובאותו כיוון נסיעה). ייתכן נתיב תח""צ, איסור פנייה או מסוף — לבדיקה."
"ספק","93","סופרבוס","ניווט","שדרות מנחם בגין/וינגייט","גולדה מאיר/סייפן","","0.283","1","0.3","1.46","32.79736","35.52286","המסלול בין התחנות ארוך פי 1.46 מהדרך הקצרה ברכב (616 מ', מאותו כביש ובאותו כיוון נסיעה). ייתכן נתיב תח""צ, איסור פנייה או מסוף — לבדיקה."
"ספק","75","מטרופולין","ניווט","בית ספר נווה נאמן","צומת נווה נאמן/דרך רמתיים","","0.279","1","0.3","1.39","32.13939","34.89996","המסלול בין התחנות ארוך פי 1.39 מהדרך הקצרה ברכב (719 מ', מאותו כביש ובאותו כיוון נסיעה). ייתכן נתיב תח""צ, איסור פנייה או מסוף — לבדיקה."
"ספק","73","מטרופולין","ניווט","בית ספר נווה נאמן","צומת נווה נאמן/דרך רמתיים","","0.279","1","0.3","1.39","32.13939","34.89996","המסלול בין התחנות ארוך פי 1.39 מהדרך הקצרה ברכב (719 מ', מאותו כביש ובאותו כיוון נסיעה). ייתכן נתיב תח""צ, איסור פנייה או מסוף — לבדיקה."
"ספק","6","סופרבוס","ניווט","אלחדיף/אילת","ת. מרכזית טבריה/הורדה","","0.277","30","8.3","1.31","32.78966","35.53975","המסלול בין התחנות ארוך פי 1.31 מהדרך הקצרה ברכב (899 מ', מאותו כביש ובאותו כיוון נסיעה). ייתכן נתיב תח""צ, איסור פנייה או מסוף — לבדיקה."
"ספק","69","דן בדרום","ניווט","מעון יום הרחבה","דרך הפרחים","","0.276","6","1.7","1.48","31.5726","34.76944","המסלול בין התחנות ארוך פי 1.48 מהדרך הקצרה ברכב (571 מ', מאותו כביש ובאותו כיוון נסיעה). ייתכן נתיב תח""צ, איסור פנייה או מסוף — לבדיקה."
"ספק","5","סופרבוס","ניווט","רמת יזרעאל/הזית","יזרעאל/עצמאות","","0.275","40","11","1.88","32.67418","35.23879","המסלול בין התחנות ארוך פי 1.88 מהדרך הקצרה ברכב (312 מ', מאותו כביש ובאותו כיוון נסיעה). ייתכן נתיב תח""צ, איסור פנייה או מסוף — לבדיקה."
"ספק","81א","אגד","ניווט","נחמיה/מלאכי","הר סיני/סעדיה גאון","","0.273","1","0.3","1.33","31.94783","34.82497","המסלול בין התחנות ארוך פי 1.33 מהדרך הקצרה ברכב (821 מ', מאותו כביש ובאותו כיוון נסיעה). ייתכן נתיב תח""צ, איסור פנייה או מסוף — לבדיקה."
"לא ניתן להשוואה","85","נסיעות ותיירות","detour","ח'אלת אל שריף ב","שכונה דרומית ח","91","0.27","2","0.5","1.59","32.8853","35.40365","לא ניתן להשוואה — סדר תחנות שונה: קו 91 עובר דרך 1 תחנת/ות ביניים נוספת/ות בין ""ח'אלת אל שריף ב"" ל-""שכונה דרומית ח"" (A→…→B), בעוד הקו הנבדק עובר ישירות. זו בחירת תכנון מסלול, לא עיקוף — אין משמעות ליחס-מרחקים."
"לא ניתן להשוואה","72","נסיעות ותיירות","detour","ח'אלת אל שריף ב","שכונה דרומית ח","91","0.269","1","0.3","1.59","32.8853","35.40365","לא ניתן להשוואה — סדר תחנות שונה: קו 91 עובר דרך 1 תחנת/ות ביניים נוספת/ות בין ""ח'אלת אל שריף ב"" ל-""שכונה דרומית ח"" (A→…→B), בעוד הקו הנבדק עובר ישירות. זו בחירת תכנון מסלול, לא עיקוף — אין משמעות ליחס-מרחקים."
"ספק","50","סופרבוס","ניווט","אוניברסיטה/רב תכליתי","אוניברסיטה/מגדל אשכול","","0.267","4","1.1","1.53","32.75883","35.02187","המסלול בין התחנות ארוך פי 1.53 מהדרך הקצרה ברכב (500 מ', מאותו כביש ובאותו כיוון נסיעה). ייתכן נתיב תח""צ, איסור פנייה או מסוף — לבדיקה."
"ספק","97","מטרופולין","ניווט","מוסד חינוכי כפר בתיה","מוסד חינוכי כפר בתיה/דרך ירושלים","","0.265","1","0.3","1.51","32.18895","34.85099","המסלול בין התחנות ארוך פי 1.51 מהדרך הקצרה ברכב (516 מ', מאותו כביש ובאותו כיוון נסיעה). ייתכן נתיב תח""צ, איסור פנייה או מסוף — לבדיקה."
"ספק","13","דן בדרום","ניווט","מבטחים מרכז","מבטחים ב","","0.264","6","1.6","1.43","31.24094","34.40492","המסלול בין התחנות ארוך פי 1.43 מהדרך הקצרה ברכב (610 מ', מאותו כביש ובאותו כיוון נסיעה). ייתכן נתיב תח""צ, איסור פנייה או מסוף — לבדיקה."
"ספק","13","דן בדרום","ניווט","מבטחים מרכז","מבטחים ב","","0.264","10","2.6","1.43","31.24094","34.40492","המסלול בין התחנות ארוך פי 1.43 מהדרך הקצרה ברכב (610 מ', מאותו כביש ובאותו כיוון נסיעה). ייתכן נתיב תח""צ, איסור פנייה או מסוף — לבדיקה."
"ספק","37","אלקטרה אפיקים","ניווט","בית חולים קפלן/דרך פסטרנק","כביש 40/מסעף בית חולים קפלן","","0.262","20","5.2","1.42","31.87226","34.81343","המסלול בין התחנות ארוך פי 1.42 מהדרך הקצרה ברכב (620 מ', מאותו כביש ובאותו כיוון נסיעה). ייתכן נתיב תח""צ, איסור פנייה או מסוף — לבדיקה."
"ספק","268","אגד","ניווט","לבונה/האלה","לבונה/אשחר","","0.26","5","1.3","1.82","32.03898","35.04766","המסלול בין התחנות ארוך פי 1.82 מהדרך הקצרה ברכב (316 מ', מאותו כביש ובאותו כיוון נסיעה). ייתכן נתיב תח""צ, איסור פנייה או מסוף — לבדיקה."
"ספק","268","אגד","ניווט","לבונה/האלה","לבונה/אשחר","","0.26","5","1.3","1.82","32.03898","35.04766","המסלול בין התחנות ארוך פי 1.82 מהדרך הקצרה ברכב (316 מ', מאותו כביש ובאותו כיוון נסיעה). ייתכן נתיב תח""צ, איסור פנייה או מסוף — לבדיקה."
"ספק","268","אגד","ניווט","לבונה/האלה","לבונה/אשחר","","0.26","2","0.5","1.82","32.03898","35.04766","המסלול בין התחנות ארוך פי 1.82 מהדרך הקצרה ברכב (316 מ', מאותו כביש ובאותו כיוון נסיעה). ייתכן נתיב תח""צ, איסור פנייה או מסוף — לבדיקה."
"ספק","257","תנופה","ניווט","לבונה/האלה","לבונה/אשחר","","0.26","4","1","1.82","32.03898","35.04766","המסלול בין התחנות ארוך פי 1.82 מהדרך הקצרה ברכב (316 מ', מאותו כביש ובאותו כיוון נסיעה). ייתכן נתיב תח""צ, איסור פנייה או מסוף — לבדיקה."
"ספק","257","תנופה","ניווט","לבונה/האלה","לבונה/אשחר","","0.26","4","1","1.82","32.03898","35.04766","המסלול בין התחנות ארוך פי 1.82 מהדרך הקצרה ברכב (316 מ', מאותו כביש ובאותו כיוון נסיעה). ייתכן נתיב תח""צ, איסור פנייה או מסוף — לבדיקה."
"ספק","268","אגד","ניווט","לבונה/האלה","לבונה/אשחר","","0.26","1","0.3","1.82","32.03898","35.04766","המסלול בין התחנות ארוך פי 1.82 מהדרך הקצרה ברכב (316 מ', מאותו כביש ובאותו כיוון נסיעה). ייתכן נתיב תח""צ, איסור פנייה או מסוף — לבדיקה."
"ספק","268","אגד","ניווט","לבונה/האלה","לבונה/אשחר","","0.26","1","0.3","1.82","32.03898","35.04766","המסלול בין התחנות ארוך פי 1.82 מהדרך הקצרה ברכב (316 מ', מאותו כביש ובאותו כיוון נסיעה). ייתכן נתיב תח""צ, איסור פנייה או מסוף — לבדיקה."
"ספק","268","אגד","ניווט","לבונה/האלה","לבונה/אשחר","","0.26","1","0.3","1.82","32.03898","35.04766","המסלול בין התחנות ארוך פי 1.82 מהדרך הקצרה ברכב (316 מ', מאותו כביש ובאותו כיוון נסיעה). ייתכן נתיב תח""צ, איסור פנייה או מסוף — לבדיקה."
"ספק","263","אגד","ניווט","שדרות נשיאי ישראל/אילנות","ת.רכבת כרמיאל/דרור","","0.26","32","8.3","1.32","32.91957","35.30291","המסלול בין התחנות ארוך פי 1.32 מהדרך הקצרה ברכב (809 מ', מאותו כביש ובאותו כיוון נסיעה). ייתכן נתיב תח""צ, איסור פנייה או מסוף — לבדיקה."
"ספק","37","אלקטרה אפיקים","ניווט","בית חולים קפלן/דרך פסטרנק","מסעף בית חולים קפלן/כביש 40","","0.258","27","7","1.4","31.87226","34.81343","המסלול בין התחנות ארוך פי 1.40 מהדרך הקצרה ברכב (640 מ', מאותו כביש ובאותו כיוון נסיעה). ייתכן נתיב תח""צ, איסור פנייה או מסוף — לבדיקה."
"ספק","323","אלקטרה אפיקים","ניווט","בית חולים קפלן/דרך פסטרנק","מסעף בית חולים קפלן/כביש 40","","0.258","18","4.7","1.4","31.87226","34.81343","המסלול בין התחנות ארוך פי 1.40 מהדרך הקצרה ברכב (640 מ', מאותו כביש ובאותו כיוון נסיעה). ייתכן נתיב תח""צ, איסור פנייה או מסוף — לבדיקה."
"ספק","68","מועצה אזורית גולן","ניווט","בוקעתא/כביש 2 ב","גני ילדים שכונה דרומית","","0.256","9","2.3","1.42","33.19812","35.77721","המסלול בין התחנות ארוך פי 1.42 מהדרך הקצרה ברכב (612 מ', מאותו כביש ובאותו כיוון נסיעה). ייתכן נתיב תח""צ, איסור פנייה או מסוף — לבדיקה."
"לא ניתן להשוואה","320","קווים","detour","חניון תח''צ/שדרות בית הלל","אור החיים/חפץ חיים","324","0.255","23","5.9","1.5","31.93422","35.04903","לא ניתן להשוואה — קו 324 מתחיל/מסיים את מסלולו באחת התחנות (תחנת-קצה), ולכן אינו מסדרון-מעבר תקף: הוא עושה משם קפיצה ישירה קצרה, בעוד הקו הנבדק עשוי לבצע לולאת-שירות לגיטימית באמצע מסלולו. אין בסיס להשוואת מרחקים."
"אמיתי","22","אלקטרה אפיקים תחבורה","selfloop","המוריה/מבוא אחלמה","מעלה אריאל/אבני מילואים","216","0.255","4","1","","31.81814","35.39501","הקו מקיף ~1.2 סיבובים (כיכר/לולאה) בין ""המוריה/מבוא אחלמה"" ל-""מעלה אריאל/אבני מילואים"", בעוד קו 216 עובר אותו ב-0.3 ק""מ — סיבוב מיותר, עיקוף אמיתי."
"ספק","74","אלקטרה אפיקים","ניווט","כינרת/נחל קידרון","שדרות הרצל/תמוז","","0.255","1","0.3","1.6","31.78516","34.63413","המסלול בין התחנות ארוך פי 1.60 מהדרך הקצרה ברכב (426 מ', מאותו כביש ובאותו כיוון נסיעה). ייתכן נתיב תח""צ, איסור פנייה או מסוף — לבדיקה."
"ספק","157","קווים","ניווט","שדרות נעמי שמר/אליהו","דרך צה''ל/קרן היסוד","","0.252","13","3.3","1.41","31.94605","34.84191","המסלול בין התחנות ארוך פי 1.41 מהדרך הקצרה ברכב (608 מ', מאותו כביש ובאותו כיוון נסיעה). ייתכן נתיב תח""צ, איסור פנייה או מסוף — לבדיקה."
"ספק","28","קווים","ניווט","שדרות נעמי שמר/אליהו","דרך צה''ל/קרן היסוד","","0.252","12","3","1.41","31.94605","34.84191","המסלול בין התחנות ארוך פי 1.41 מהדרך הקצרה ברכב (608 מ', מאותו כביש ובאותו כיוון נסיעה). ייתכן נתיב תח""צ, איסור פנייה או מסוף — לבדיקה."
"ספק","157","קווים","ניווט","שדרות נעמי שמר/אליהו","דרך צה''ל/קרן היסוד","","0.252","3","0.8","1.41","31.94605","34.84191","המסלול בין התחנות ארוך פי 1.41 מהדרך הקצרה ברכב (608 מ', מאותו כביש ובאותו כיוון נסיעה). ייתכן נתיב תח""צ, איסור פנייה או מסוף — לבדיקה."
"ספק","28","קווים","ניווט","שדרות נעמי שמר/אליהו","דרך צה''ל/קרן היסוד","","0.252","4","1","1.41","31.94605","34.84191","המסלול בין התחנות ארוך פי 1.41 מהדרך הקצרה ברכב (608 מ', מאותו כביש ובאותו כיוון נסיעה). ייתכן נתיב תח""צ, איסור פנייה או מסוף — לבדיקה."
"ספק","11","אלקטרה אפיקים","ניווט","שלום מנצורה/הרב שלום זכריה","הירקון/העצמאות","","0.251","13","3.3","1.43","32.10151","34.94107","המסלול בין התחנות ארוך פי 1.43 מהדרך הקצרה ברכב (581 מ', מאותו כביש ובאותו כיוון נסיעה). ייתכן נתיב תח""צ, איסור פנייה או מסוף — לבדיקה."
"ספק","8","נסיעות ותיירות","ניווט","אחמד עאלם/עלי בן אבי טאלב","שכונות זוגות צעירים/רחוב 723","","0.251","23","5.8","1.42","32.81368","35.26213","המסלול בין התחנות ארוך פי 1.42 מהדרך הקצרה ברכב (591 מ', מאותו כביש ובאותו כיוון נסיעה). ייתכן נתיב תח""צ, איסור פנייה או מסוף — לבדיקה."
"אמיתי","357","מטרופולין","selfloop","בורנשטיין/הרצל","בורנשטיין/אשר סנקר","359","0.25","2","0.5","","30.9885","34.92503","הקו מקיף ~1.15 סיבובים (כיכר/לולאה) בין ""בורנשטיין/הרצל"" ל-""בורנשטיין/אשר סנקר"", בעוד קו 359 עובר אותו ב-0.1 ק""מ — סיבוב מיותר, עיקוף אמיתי."
"לא ניתן להשוואה","80","אגד","detour","העצמאות/הרצל","בית הספר עמיאסף","84","0.248","1","0.2","1.68","31.06806","35.02946","לא ניתן להשוואה — קו 84 מתחיל/מסיים את מסלולו באחת התחנות (תחנת-קצה), ולכן אינו מסדרון-מעבר תקף: הוא עושה משם קפיצה ישירה קצרה, בעוד הקו הנבדק עשוי לבצע לולאת-שירות לגיטימית באמצע מסלולו. אין בסיס להשוואת מרחקים."
"כיסוי לגיטימי","377","אלקטרה אפיקים תחבורה","detour","האומן/ברעם","ברעם/האומן","512","0.246","23","5.7","1.76","31.7473","35.21232","וריאנט של הקו עוצר בתחנות-ביניים בתוך המקטע (כיסוי שכונה) — לא עיקוף מיותר, אלא בחירת מסלול שמשרתת נוסעים."
"אמיתי","511","נתיב אקספרס","selfloop","שוק עירוני","אליהו פרומצ'נקו/יעקב לוי","522","0.245","13","3.2","","32.96622","35.49699","הקו מקיף ~1.5 סיבובים (כיכר/לולאה) בין ""שוק עירוני"" ל-""אליהו פרומצ'נקו/יעקב לוי"", בעוד קו 522 עובר אותו ב-0.7 ק""מ — סיבוב מיותר, עיקוף אמיתי."
"אמיתי","1","נתיב אקספרס","selfloop","הפלמ''ח/הנשיא","אליהו פרומצ'נקו/יעקב לוי","9","0.245","49","12","","32.96325","35.49592","הקו מקיף ~1.47 סיבובים (כיכר/לולאה) בין ""הפלמ''ח/הנשיא"" ל-""אליהו פרומצ'נקו/יעקב לוי"", בעוד קו 9 עובר אותו ב-0.6 ק""מ — סיבוב מיותר, עיקוף אמיתי."
"אמיתי","15","נתיב אקספרס","selfloop","הפלמ''ח/הנשיא","אליהו פרומצ'נקו/יעקב לוי","9","0.245","48","11.8","","32.96325","35.49592","הקו מקיף ~1.47 סיבובים (כיכר/לולאה) בין ""הפלמ''ח/הנשיא"" ל-""אליהו פרומצ'נקו/יעקב לוי"", בעוד קו 9 עובר אותו ב-0.6 ק""מ — סיבוב מיותר, עיקוף אמיתי."
"אמיתי","283","אלקטרה אפיקים","selfloop","נחל רבה/חט''ב גוונים","דרך מנחם בגין/הפרחים","566","0.245","17","4.2","","32.09895","34.96326","הקו מקיף ~1.5 סיבובים (כיכר/לולאה) בין ""נחל רבה/חט''ב גוונים"" ל-""דרך מנחם בגין/הפרחים"", בעוד קו 566 עובר אותו ב-0.4 ק""מ — סיבוב מיותר, עיקוף אמיתי."
"ספק","95","נתיב אקספרס","ניווט","ת.מרכזית עכו/דרך הארבעה","יהושפט/מרדכי אנילביץ'","","0.245","1","0.2","1.75","32.92612","35.07869","המסלול בין התחנות ארוך פי 1.75 מהדרך הקצרה ברכב (325 מ', מאותו כביש ובאותו כיוון נסיעה). ייתכן נתיב תח""צ, איסור פנייה או מסוף — לבדיקה."
"לא ניתן להשוואה","58","אגד","detour","נחמיה/שדרות יעקב","נחמיה/מלאכי","11","0.244","1","0.2","1.4","31.94935","34.81873","לא ניתן להשוואה — סדר תחנות שונה: קו 11 עובר דרך 1 תחנת/ות ביניים נוספת/ות בין ""נחמיה/שדרות יעקב"" ל-""נחמיה/מלאכי"" (A→…→B), בעוד הקו הנבדק עובר ישירות. זו בחירת תכנון מסלול, לא עיקוף — אין משמעות ליחס-מרחקים."
"לא ניתן להשוואה","59","אגד","detour","נחמיה/שדרות יעקב","נחמיה/מלאכי","11","0.244","1","0.2","1.4","31.94935","34.81873","לא ניתן להשוואה — סדר תחנות שונה: קו 11 עובר דרך 1 תחנת/ות ביניים נוספת/ות בין ""נחמיה/שדרות יעקב"" ל-""נחמיה/מלאכי"" (A→…→B), בעוד הקו הנבדק עובר ישירות. זו בחירת תכנון מסלול, לא עיקוף — אין משמעות ליחס-מרחקים."
"ספק","2","קווים","ניווט","טופז/לשם","האודם/ספיר","","0.243","3","0.7","1.5","31.99652","34.94479","המסלול בין התחנות ארוך פי 1.50 מהדרך הקצרה ברכב (482 מ', מאותו כביש ובאותו כיוון נסיעה). ייתכן נתיב תח""צ, איסור פנייה או מסוף — לבדיקה."
"ספק","180","סופרבוס","ניווט","קריית החינוך","שד.יצחק רבין / יער אודם","","0.241","1","0.2","1.38","32.63708","35.08037","המסלול בין התחנות ארוך פי 1.38 מהדרך הקצרה ברכב (642 מ', מאותו כביש ובאותו כיוון נסיעה). ייתכן נתיב תח""צ, איסור פנייה או מסוף — לבדיקה."
"ספק","45","נתיב אקספרס","ניווט","מרכז/דלתון","דלתון 4","","0.241","9","2.2","1.64","33.01599","35.49106","המסלול בין התחנות ארוך פי 1.64 מהדרך הקצרה ברכב (378 מ', מאותו כביש ובאותו כיוון נסיעה). ייתכן נתיב תח""צ, איסור פנייה או מסוף — לבדיקה."
"ספק","45","נתיב אקספרס","ניווט","מרכז/דלתון","דלתון 4","","0.241","9","2.2","1.64","33.01599","35.49106","המסלול בין התחנות ארוך פי 1.64 מהדרך הקצרה ברכב (378 מ', מאותו כביש ובאותו כיוון נסיעה). ייתכן נתיב תח""צ, איסור פנייה או מסוף — לבדיקה."
"ספק","24","אגד","ניווט","קבוצת שילר","כביש 411/גן שלמה","","0.24","3","0.7","1.34","31.87614","34.79666","המסלול בין התחנות ארוך פי 1.34 מהדרך הקצרה ברכב (697 מ', מאותו כביש ובאותו כיוון נסיעה). ייתכן נתיב תח""צ, איסור פנייה או מסוף — לבדיקה."
"אמיתי","251","נתיב אקספרס","detour","העצמאות/יהושפט","ת.מרכזית עכו/דרך הארבעה","4","0.239","25","6","1.62","32.92808","35.07696","הקו נוסע פי 1.62 מקו 4 בין אותן שתי התחנות (אותו ציר כניסה, סטייה 0°) — עיקוף אמיתי."
"ספק","82","אקסטרה","ניווט","הרב גד מכלוף/שמואל לנדאו","ארלוזורוב/הלפרין","","0.239","1","0.2","1.39","32.31164","34.88474","המסלול בין התחנות ארוך פי 1.39 מהדרך הקצרה ברכב (610 מ', מאותו כביש ובאותו כיוון נסיעה). ייתכן נתיב תח""צ, איסור פנייה או מסוף — לבדיקה."
"ספק","43","נתיב אקספרס","ניווט","שכונה חדשה","מסעף אבטליון","","0.239","5","1.2","1.49","32.83766","35.35239","המסלול בין התחנות ארוך פי 1.49 מהדרך הקצרה ברכב (489 מ', מאותו כביש ובאותו כיוון נסיעה). ייתכן נתיב תח""צ, איסור פנייה או מסוף — לבדיקה."
"ספק","12א","קווים","ניווט","המתמיד/הנוטע","ההדרים/השיטה","","0.239","1","0.2","1.33","32.2672","34.88714","המסלול בין התחנות ארוך פי 1.33 מהדרך הקצרה ברכב (732 מ', מאותו כביש ובאותו כיוון נסיעה). ייתכן נתיב תח""צ, איסור פנייה או מסוף — לבדיקה."
"ספק","33","אגד","ניווט","דרך הנדיב/דרך פיק''א","בית ספר אלונים/הבנים","","0.238","2","0.5","1.52","32.47305","34.97813","המסלול בין התחנות ארוך פי 1.52 מהדרך הקצרה ברכב (461 מ', מאותו כביש ובאותו כיוון נסיעה). ייתכן נתיב תח""צ, איסור פנייה או מסוף — לבדיקה."
"אמיתי","78","אלקטרה אפיקים","selfloop","כינרת/נחל קידרון","כינרת/נחל נעמן","324","0.237","1","0.2","","31.78516","34.63413","הקו מקיף ~1.15 סיבובים (כיכר/לולאה) בין ""כינרת/נחל קידרון"" ל-""כינרת/נחל נעמן"", בעוד קו 324 עובר אותו ב-0.3 ק""מ — סיבוב מיותר, עיקוף אמיתי."
"ספק","4","נתיב אקספרס","ניווט","שביל המעיין/מורד הגיא","מעלה המסגד/שביל המסגדים","","0.236","26","6.1","1.47","33.0105","35.26483","המסלול בין התחנות ארוך פי 1.47 מהדרך הקצרה ברכב (506 מ', מאותו כביש ובאותו כיוון נסיעה). ייתכן נתיב תח""צ, איסור פנייה או מסוף — לבדיקה."
"ספק","43","אלקטרה אפיקים תחבורה","ניווט","כביש 367/מזרח","צומת אלון שבות","","0.236","2","0.5","1.41","31.65502","35.11722","המסלול בין התחנות ארוך פי 1.41 מהדרך הקצרה ברכב (583 מ', מאותו כביש ובאותו כיוון נסיעה). ייתכן נתיב תח""צ, איסור פנייה או מסוף — לבדיקה."
"ספק","43","אלקטרה אפיקים תחבורה","ניווט","כביש 367/מזרח","צומת אלון שבות","","0.236","3","0.7","1.41","31.65502","35.11722","המסלול בין התחנות ארוך פי 1.41 מהדרך הקצרה ברכב (583 מ', מאותו כביש ובאותו כיוון נסיעה). ייתכן נתיב תח""צ, איסור פנייה או מסוף — לבדיקה."
"ספק","374","אלקטרה אפיקים תחבורה","ניווט","נוקדי שאול א","נחל צאלים","","0.234","13","3","1.32","31.64976","35.24982","המסלול בין התחנות ארוך פי 1.32 מהדרך הקצרה ברכב (729 מ', מאותו כביש ובאותו כיוון נסיעה). ייתכן נתיב תח""צ, איסור פנייה או מסוף — לבדיקה."
"ספק","366","אלקטרה אפיקים תחבורה","ניווט","נוקדי שאול א","נחל צאלים","","0.234","5","1.2","1.32","31.64976","35.24982","המסלול בין התחנות ארוך פי 1.32 מהדרך הקצרה ברכב (729 מ', מאותו כביש ובאותו כיוון נסיעה). ייתכן נתיב תח""צ, איסור פנייה או מסוף — לבדיקה."
"ספק","374","אלקטרה אפיקים תחבורה","ניווט","נוקדי שאול א","נחל צאלים","","0.234","10","2.3","1.32","31.64976","35.24982","המסלול בין התחנות ארוך פי 1.32 מהדרך הקצרה ברכב (729 מ', מאותו כביש ובאותו כיוון נסיעה). ייתכן נתיב תח""צ, איסור פנייה או מסוף — לבדיקה."
"ספק","376","אלקטרה אפיקים תחבורה","ניווט","נוקדי שאול א","נחל צאלים","","0.234","6","1.4","1.32","31.64976","35.24982","המסלול בין התחנות ארוך פי 1.32 מהדרך הקצרה ברכב (729 מ', מאותו כביש ובאותו כיוון נסיעה). ייתכן נתיב תח""צ, איסור פנייה או מסוף — לבדיקה."
"ספק","18","אגד","ניווט","הקונגרס/הנגב","מרכז קהילתי","","0.232","27","6.3","1.45","32.44095","34.88422","המסלול בין התחנות ארוך פי 1.45 מהדרך הקצרה ברכב (519 מ', מאותו כביש ובאותו כיוון נסיעה). ייתכן נתיב תח""צ, איסור פנייה או מסוף — לבדיקה."
"ספק","9","מטרופולין","ניווט","בני בנימין/גיסין","כנפי נשרים/נתן אלתרמן","","0.226","52","11.8","1.62","32.17259","34.84111","המסלול בין התחנות ארוך פי 1.62 מהדרך הקצרה ברכב (366 מ', מאותו כביש ובאותו כיוון נסיעה). ייתכן נתיב תח""צ, איסור פנייה או מסוף — לבדיקה."
"ספק","179","נתיב אקספרס","ניווט","הירדן/ביאליק","ת. מרכזית ק''ש/הורדה","","0.225","2","0.4","1.42","33.21075","35.57206","המסלול בין התחנות ארוך פי 1.42 מהדרך הקצרה ברכב (529 מ', מאותו כביש ובאותו כיוון נסיעה). ייתכן נתיב תח""צ, איסור פנייה או מסוף — לבדיקה."
"ספק","141","אלקטרה אפיקים","ניווט","ת. מרכזית אשדוד/רציפים","שדרות מנחם בגין/שדרות הרצל","","0.222","7","1.6","1.42","31.79093","34.63906","המסלול בין התחנות ארוך פי 1.42 מהדרך הקצרה ברכב (534 מ', מאותו כביש ובאותו כיוון נסיעה). ייתכן נתיב תח""צ, איסור פנייה או מסוף — לבדיקה."
"ספק","38","אלקטרה אפיקים","ניווט","ת. מרכזית אשדוד/רציפים","שדרות מנחם בגין/שדרות הרצל","","0.222","9","2","1.42","31.79093","34.63906","המסלול בין התחנות ארוך פי 1.42 מהדרך הקצרה ברכב (534 מ', מאותו כביש ובאותו כיוון נסיעה). ייתכן נתיב תח""צ, איסור פנייה או מסוף — לבדיקה."
"ספק","140","אלקטרה אפיקים","ניווט","ת. מרכזית אשדוד/רציפים","שדרות מנחם בגין/שדרות הרצל","","0.222","8","1.8","1.42","31.79093","34.63906","המסלול בין התחנות ארוך פי 1.42 מהדרך הקצרה ברכב (534 מ', מאותו כביש ובאותו כיוון נסיעה). ייתכן נתיב תח""צ, איסור פנייה או מסוף — לבדיקה."
"ספק","151","אלקטרה אפיקים","ניווט","ת. מרכזית אשדוד/רציפים","שדרות מנחם בגין/שדרות הרצל","","0.222","4","0.9","1.42","31.79093","34.63906","המסלול בין התחנות ארוך פי 1.42 מהדרך הקצרה ברכב (534 מ', מאותו כביש ובאותו כיוון נסיעה). ייתכן נתיב תח""צ, איסור פנייה או מסוף — לבדיקה."
"ספק","28","אלקטרה אפיקים","ניווט","ת. מרכזית אשדוד/רציפים","שדרות מנחם בגין/שדרות הרצל","","0.222","3","0.7","1.42","31.79093","34.63906","המסלול בין התחנות ארוך פי 1.42 מהדרך הקצרה ברכב (534 מ', מאותו כביש ובאותו כיוון נסיעה). ייתכן נתיב תח""צ, איסור פנייה או מסוף — לבדיקה."
"ספק","38א","אלקטרה אפיקים","ניווט","ת. מרכזית אשדוד/רציפים","שדרות מנחם בגין/שדרות הרצל","","0.222","4","0.9","1.42","31.79093","34.63906","המסלול בין התחנות ארוך פי 1.42 מהדרך הקצרה ברכב (534 מ', מאותו כביש ובאותו כיוון נסיעה). ייתכן נתיב תח""צ, איסור פנייה או מסוף — לבדיקה."
"ספק","325","אלקטרה אפיקים","ניווט","ת. מרכזית אשדוד/רציפים","שדרות מנחם בגין/שדרות הרצל","","0.222","10","2.2","1.42","31.79093","34.63906","המסלול בין התחנות ארוך פי 1.42 מהדרך הקצרה ברכב (534 מ', מאותו כביש ובאותו כיוון נסיעה). ייתכן נתיב תח""צ, איסור פנייה או מסוף — לבדיקה."
"לא ניתן להשוואה","85","נסיעות ותיירות","detour","מע'אר מרכז/806","כנסייה קתולית ג","96","0.221","3","0.7","1.47","32.89083","35.40952","לא ניתן להשוואה — סדר תחנות שונה: קו 96 עובר דרך 1 תחנת/ות ביניים נוספת/ות בין ""מע'אר מרכז/806"" ל-""כנסייה קתולית ג"" (A→…→B), בעוד הקו הנבדק עובר ישירות. זו בחירת תכנון מסלול, לא עיקוף — אין משמעות ליחס-מרחקים."
"לא ניתן להשוואה","804","סופרבוס","detour","בית וגן/שדרות הרצל","בי''ח שערי צדק/בייט","817","0.221","1","0.2","1.36","31.77278","35.18301","הקו נוסע במסלול קרוב-לאופטימלי (פי 0.29 מהדרך הקצרה בכביש) — אין עיקוף מיותר בפועל."
"לא ניתן להשוואה","750","סופרבוס","detour","בית וגן/שדרות הרצל","בי''ח שערי צדק/בייט","817","0.221","1","0.2","1.36","31.77278","35.18301","הקו נוסע במסלול קרוב-לאופטימלי (פי 0.29 מהדרך הקצרה בכביש) — אין עיקוף מיותר בפועל."
"ספק","260","אלקטרה אפיקים תחבורה","ניווט","מערת המכפלה","כיכר גרוס","","0.218","2","0.4","1.62","31.5229","35.11002","המסלול בין התחנות ארוך פי 1.62 מהדרך הקצרה ברכב (350 מ', מאותו כביש ובאותו כיוון נסיעה). ייתכן נתיב תח""צ, איסור פנייה או מסוף — לבדיקה."
"ספק","383","אלקטרה אפיקים תחבורה","ניווט","מערת המכפלה","כיכר גרוס","","0.218","14","3","1.62","31.5229","35.11002","המסלול בין התחנות ארוך פי 1.62 מהדרך הקצרה ברכב (350 מ', מאותו כביש ובאותו כיוון נסיעה). ייתכן נתיב תח""צ, איסור פנייה או מסוף — לבדיקה."
"ספק","381","אלקטרה אפיקים תחבורה","ניווט","מערת המכפלה","כיכר גרוס","","0.218","11","2.4","1.62","31.5229","35.11002","המסלול בין התחנות ארוך פי 1.62 מהדרך הקצרה ברכב (350 מ', מאותו כביש ובאותו כיוון נסיעה). ייתכן נתיב תח""צ, איסור פנייה או מסוף — לבדיקה."
"ספק","44","אקסטרה ירושלים","ניווט","חיל האויר/סיירת דוכיפת","יעקב יהושע","","0.217","62","13.4","1.44","31.82961","35.24702","המסלול בין התחנות ארוך פי 1.44 מהדרך הקצרה ברכב (497 מ', מאותו כביש ובאותו כיוון נסיעה). ייתכן נתיב תח""צ, איסור פנייה או מסוף — לבדיקה."
"ספק","55","קווים","ניווט","יוספטל/צה''ל","משה שרת/עמיחי","","0.217","1","0.2","1.51","31.93444","34.85963","המסלול בין התחנות ארוך פי 1.51 מהדרך הקצרה ברכב (429 מ', מאותו כביש ובאותו כיוון נסיעה). ייתכן נתיב תח""צ, איסור פנייה או מסוף — לבדיקה."
"אמיתי","551","מטרופולין","detour","ת. רק''ל בלינסון/קניון אבנת","ת.רק''ל שחם/דרך ז'בוטינסקי","66","0.215","2","0.4","1.43","32.09172","34.86587","הקו נוסע פי 1.43 מקו 66 בין אותן שתי התחנות (אותו ציר כניסה, סטייה 0°) — עיקוף אמיתי."
"ספק","461","אלקטרה אפיקים תחבורה","ניווט","כיכר יוסף","שבות רחל/מרכז","","0.215","13","2.8","1.71","32.05439","35.3117","המסלול בין התחנות ארוך פי 1.71 מהדרך הקצרה ברכב (305 מ', מאותו כביש ובאותו כיוון נסיעה). ייתכן נתיב תח""צ, איסור פנייה או מסוף — לבדיקה."
"ספק","461","אלקטרה אפיקים תחבורה","ניווט","כיכר יוסף","שבות רחל/מרכז","","0.215","10","2.2","1.71","32.05439","35.3117","המסלול בין התחנות ארוך פי 1.71 מהדרך הקצרה ברכב (305 מ', מאותו כביש ובאותו כיוון נסיעה). ייתכן נתיב תח""צ, איסור פנייה או מסוף — לבדיקה."
"ספק","393","אגד","ניווט","תחנת התרעננות/פונדק חצבה","פונדק חצבה","","0.212","4","0.8","2.08","30.79887","35.24366","המסלול בין התחנות ארוך פי 2.08 מהדרך הקצרה ברכב (197 מ', מאותו כביש ובאותו כיוון נסיעה). ייתכן נתיב תח""צ, איסור פנייה או מסוף — לבדיקה."
"ספק","397","אגד","ניווט","תחנת התרעננות/פונדק חצבה","פונדק חצבה","","0.212","4","0.8","2.08","30.79887","35.24366","המסלול בין התחנות ארוך פי 2.08 מהדרך הקצרה ברכב (197 מ', מאותו כביש ובאותו כיוון נסיעה). ייתכן נתיב תח""צ, איסור פנייה או מסוף — לבדיקה."
"ספק","444","אגד","ניווט","תחנת התרעננות/פונדק חצבה","פונדק חצבה","","0.212","5","1.1","2.08","30.79887","35.24366","המסלול בין התחנות ארוך פי 2.08 מהדרך הקצרה ברכב (197 מ', מאותו כביש ובאותו כיוון נסיעה). ייתכן נתיב תח""צ, איסור פנייה או מסוף — לבדיקה."
"ספק","390","אגד","ניווט","תחנת התרעננות/פונדק חצבה","פונדק חצבה","","0.212","3","0.6","2.08","30.79887","35.24366","המסלול בין התחנות ארוך פי 2.08 מהדרך הקצרה ברכב (197 מ', מאותו כביש ובאותו כיוון נסיעה). ייתכן נתיב תח""צ, איסור פנייה או מסוף — לבדיקה."
"ספק","993","אגד","ניווט","תחנת התרעננות/פונדק חצבה","פונדק חצבה","","0.212","2","0.4","2.08","30.79887","35.24366","המסלול בין התחנות ארוך פי 2.08 מהדרך הקצרה ברכב (197 מ', מאותו כביש ובאותו כיוון נסיעה). ייתכן נתיב תח""צ, איסור פנייה או מסוף — לבדיקה."
"ספק","991","אגד","ניווט","תחנת התרעננות/פונדק חצבה","פונדק חצבה","","0.212","1","0.2","2.08","30.79887","35.24366","המסלול בין התחנות ארוך פי 2.08 מהדרך הקצרה ברכב (197 מ', מאותו כביש ובאותו כיוון נסיעה). ייתכן נתיב תח""צ, איסור פנייה או מסוף — לבדיקה."
"ספק","391","אגד","ניווט","תחנת התרעננות/פונדק חצבה","פונדק חצבה","","0.212","2","0.4","2.08","30.79887","35.24366","המסלול בין התחנות ארוך פי 2.08 מהדרך הקצרה ברכב (197 מ', מאותו כביש ובאותו כיוון נסיעה). ייתכן נתיב תח""צ, איסור פנייה או מסוף — לבדיקה."
"ספק","399","אגד","ניווט","תחנת התרעננות/פונדק חצבה","פונדק חצבה","","0.212","1","0.2","2.08","30.79887","35.24366","המסלול בין התחנות ארוך פי 2.08 מהדרך הקצרה ברכב (197 מ', מאותו כביש ובאותו כיוון נסיעה). ייתכן נתיב תח""צ, איסור פנייה או מסוף — לבדיקה."
"ספק","794","אגד","ניווט","תחנת התרעננות/פונדק חצבה","פונדק חצבה","","0.212","1","0.2","2.08","30.79887","35.24366","המסלול בין התחנות ארוך פי 2.08 מהדרך הקצרה ברכב (197 מ', מאותו כביש ובאותו כיוון נסיעה). ייתכן נתיב תח""צ, איסור פנייה או מסוף — לבדיקה."
"ספק","85","אגד","ניווט","וייצמן/העמקים","הגליל/גולן","","0.211","1","0.2","1.77","32.81731","35.07954","המסלול בין התחנות ארוך פי 1.77 מהדרך הקצרה ברכב (273 מ', מאותו כביש ובאותו כיוון נסיעה). ייתכן נתיב תח""צ, איסור פנייה או מסוף — לבדיקה."
"ספק","2","גלים","ניווט","שכונה 14","שכונה 14","","0.209","38","8","1.37","31.39542","34.74198","המסלול בין התחנות ארוך פי 1.37 מהדרך הקצרה ברכב (560 מ', מאותו כביש ובאותו כיוון נסיעה). ייתכן נתיב תח""צ, איסור פנייה או מסוף — לבדיקה."
"ספק","2","גלים","ניווט","שכונה 14","שכונה 14","","0.209","38","7.9","1.4","31.39805","34.7437","המסלול בין התחנות ארוך פי 1.40 מהדרך הקצרה ברכב (521 מ', מאותו כביש ובאותו כיוון נסיעה). ייתכן נתיב תח""צ, איסור פנייה או מסוף — לבדיקה."
"לא ניתן להשוואה","78","אגד","detour","הפרדס/משמר הגבול","הפרדס/שפק","92","0.208","3","0.6","1.68","32.42659","34.94194","לא ניתן להשוואה — קו 92 מתחיל/מסיים את מסלולו באחת התחנות (תחנת-קצה), ולכן אינו מסדרון-מעבר תקף: הוא עושה משם קפיצה ישירה קצרה, בעוד הקו הנבדק עשוי לבצע לולאת-שירות לגיטימית באמצע מסלולו. אין בסיס להשוואת מרחקים."
"לא ניתן להשוואה","12","אגד","detour","הפרדס/משמר הגבול","הפרדס/שפק","92","0.208","35","7.3","1.68","32.42659","34.94194","לא ניתן להשוואה — קו 92 מתחיל/מסיים את מסלולו באחת התחנות (תחנת-קצה), ולכן אינו מסדרון-מעבר תקף: הוא עושה משם קפיצה ישירה קצרה, בעוד הקו הנבדק עשוי לבצע לולאת-שירות לגיטימית באמצע מסלולו. אין בסיס להשוואת מרחקים."
"לא ניתן להשוואה","16","אגד","detour","הפרדס/משמר הגבול","הפרדס/שפק","92","0.208","19","4","1.68","32.42659","34.94194","לא ניתן להשוואה — קו 92 מתחיל/מסיים את מסלולו באחת התחנות (תחנת-קצה), ולכן אינו מסדרון-מעבר תקף: הוא עושה משם קפיצה ישירה קצרה, בעוד הקו הנבדק עשוי לבצע לולאת-שירות לגיטימית באמצע מסלולו. אין בסיס להשוואת מרחקים."
"לא ניתן להשוואה","13א","אגד","detour","הפרדס/משמר הגבול","הפרדס/שפק","92","0.208","26","5.4","1.68","32.42659","34.94194","לא ניתן להשוואה — קו 92 מתחיל/מסיים את מסלולו באחת התחנות (תחנת-קצה), ולכן אינו מסדרון-מעבר תקף: הוא עושה משם קפיצה ישירה קצרה, בעוד הקו הנבדק עשוי לבצע לולאת-שירות לגיטימית באמצע מסלולו. אין בסיס להשוואת מרחקים."
"ספק","4","נתיב אקספרס","ניווט","אולפנת אמית","בי''ס מקיף דתי","","0.208","30","6.3","1.49","32.965","35.50096","המסלול בין התחנות ארוך פי 1.49 מהדרך הקצרה ברכב (427 מ', מאותו כביש ובאותו כיוון נסיעה). ייתכן נתיב תח""צ, איסור פנייה או מסוף — לבדיקה."
"ספק","326","אלקטרה אפיקים","ניווט","אלטלנה/מנחם בגין","הרב יוסף משאש/נס ציונה","","0.207","3","0.6","1.41","31.78321","34.65575","המסלול בין התחנות ארוך פי 1.41 מהדרך הקצרה ברכב (509 מ', מאותו כביש ובאותו כיוון נסיעה). ייתכן נתיב תח""צ, איסור פנייה או מסוף — לבדיקה."
"אמיתי","82","אלקטרה אפיקים תחבורה","selfloop","הצור/דרך קדם","הרכס/הניקרה","481","0.206","1","0.2","","31.77909","35.31391","הקו מקיף ~1.21 סיבובים (כיכר/לולאה) בין ""הצור/דרך קדם"" ל-""הרכס/הניקרה"", בעוד קו 481 עובר אותו ב-0.4 ק""מ — סיבוב מיותר, עיקוף אמיתי."
"ספק","92","אגד","ניווט","רמים/הפסגה","רמים","","0.206","1","0.2","1.43","32.91903","35.29446","המסלול בין התחנות ארוך פי 1.43 מהדרך הקצרה ברכב (474 מ', מאותו כביש ובאותו כיוון נסיעה). ייתכן נתיב תח""צ, איסור פנייה או מסוף — לבדיקה."
"ספק","92","אגד","ניווט","רמים/הפסגה","רמים","","0.205","1","0.2","1.43","32.91903","35.29446","המסלול בין התחנות ארוך פי 1.43 מהדרך הקצרה ברכב (473 מ', מאותו כביש ובאותו כיוון נסיעה). ייתכן נתיב תח""צ, איסור פנייה או מסוף — לבדיקה."
"כיסוי לגיטימי","56","קווים","selfloop","שאגת אריה 3","חפץ חיים ז","59","0.203","1","0.2","","31.92884","35.04165","וריאנט של הקו עוצר בתחנות-ביניים בתוך המקטע (כיסוי שכונה) — לא עיקוף מיותר, אלא בחירת מסלול שמשרתת נוסעים."
"ספק","4א","נתיב אקספרס","ניווט","אולפנת אמית","הרב לוי ביסטריצקי/שזר","","0.203","30","6.1","1.34","32.965","35.50096","המסלול בין התחנות ארוך פי 1.34 מהדרך הקצרה ברכב (597 מ', מאותו כביש ובאותו כיוון נסיעה). ייתכן נתיב תח""צ, איסור פנייה או מסוף — לבדיקה."
"ספק","12א","נתיב אקספרס","ניווט","אולפנת אמית","הרב לוי ביסטריצקי/שזר","","0.203","8","1.6","1.34","32.965","35.50096","המסלול בין התחנות ארוך פי 1.34 מהדרך הקצרה ברכב (597 מ', מאותו כביש ובאותו כיוון נסיעה). ייתכן נתיב תח""צ, איסור פנייה או מסוף — לבדיקה."
"אמיתי","66","אקסטרה","detour","שד. בנימין/שלום שבזי","בן צבי/הגר''א","640","0.201","61","12.3","1.4","32.31523","34.85413","הקו נוסע פי 1.40 מקו 640 בין אותן שתי התחנות (אותו ציר כניסה, סטייה 0°) — עיקוף אמיתי."
"אמיתי","13","סופרבוס","selfloop","קוממיות/טשרניחובסקי","אבן גבירול/קוממיות","991","0.197","43","8.5","","32.62616","35.32418","הקו מקיף ~1.27 סיבובים (כיכר/לולאה) בין ""קוממיות/טשרניחובסקי"" ל-""אבן גבירול/קוממיות"", בעוד קו 991 עובר אותו ב-0.3 ק""מ — סיבוב מיותר, עיקוף אמיתי."
"אמיתי","13א","סופרבוס","selfloop","קוממיות/טשרניחובסקי","אבן גבירול/קוממיות","991","0.197","17","3.3","","32.62616","35.32418","הקו מקיף ~1.27 סיבובים (כיכר/לולאה) בין ""קוממיות/טשרניחובסקי"" ל-""אבן גבירול/קוממיות"", בעוד קו 991 עובר אותו ב-0.3 ק""מ — סיבוב מיותר, עיקוף אמיתי."
"לא ניתן להשוואה","13","אגד","detour","מרפאת זבולון","קריון/יצחק רבין","12","0.184","55","10.1","1.35","32.84521","35.09119","לא ניתן להשוואה — כיווניות מנוגדת: קו 12 מגיע לתחנה המשותפת מצד מנוגד (הפרש וקטור הגעה 128° > 90°). הקווים על צירי נסיעה הפוכים — אין בסיס להשוואת מרחקים."
"אמיתי","852","אגד","selfloop","דרך למרחב/המעלה","יד לבנים/דרך הבנים","3","0.184","40","7.4","","32.47374","34.97016","הקו מקיף ~1.32 סיבובים (כיכר/לולאה) בין ""דרך למרחב/המעלה"" ל-""יד לבנים/דרך הבנים"", בעוד קו 3 עובר אותו ב-0.4 ק""מ — סיבוב מיותר, עיקוף אמיתי."
"אמיתי","2","אגד","selfloop","ביג כרמיאל/מרכז מסחרי","בית עלמין/מעלה כמון","1","0.182","33","6","","32.92665","35.32385","הקו מקיף ~2 סיבובים (כיכר/לולאה) בין ""ביג כרמיאל/מרכז מסחרי"" ל-""בית עלמין/מעלה כמון"", בעוד קו 1 עובר אותו ב-0.5 ק""מ — סיבוב מיותר, עיקוף אמיתי."
"אמיתי","64","אקסטרה","detour","שד. בנימין/שלום שבזי","בן צבי/הגר''א","640","0.177","39","6.9","1.36","32.31523","34.85413","הקו נוסע פי 1.36 מקו 640 בין אותן שתי התחנות (אותו ציר כניסה, סטייה 0°) — עיקוף אמיתי."
"אמיתי","64","אקסטרה","detour","שד. בנימין/שלום שבזי","בן צבי/הגר''א","640","0.177","6","1.1","1.36","32.31523","34.85413","הקו נוסע פי 1.36 מקו 640 בין אותן שתי התחנות (אותו ציר כניסה, סטייה 0°) — עיקוף אמיתי."
"אמיתי","98","קווים","detour","שד. בנימין/שלום שבזי","בן צבי/הגר''א","640","0.177","10","1.8","1.36","32.31523","34.85413","הקו נוסע פי 1.36 מקו 640 בין אותן שתי התחנות (אותו ציר כניסה, סטייה 0°) — עיקוף אמיתי."
"אמיתי","63","אקסטרה","detour","שד. בנימין/שלום שבזי","בן צבי/הגר''א","640","0.177","4","0.7","1.36","32.31523","34.85413","הקו נוסע פי 1.36 מקו 640 בין אותן שתי התחנות (אותו ציר כניסה, סטייה 0°) — עיקוף אמיתי."
"אמיתי","605","מטרופולין","detour","שד. בנימין/שלום שבזי","בן צבי/הגר''א","640","0.177","46","8.1","1.36","32.31523","34.85413","הקו נוסע פי 1.36 מקו 640 בין אותן שתי התחנות (אותו ציר כניסה, סטייה 0°) — עיקוף אמיתי."
"אמיתי","604","מטרופולין","detour","שד. בנימין/שלום שבזי","בן צבי/הגר''א","640","0.177","4","0.7","1.36","32.31523","34.85413","הקו נוסע פי 1.36 מקו 640 בין אותן שתי התחנות (אותו ציר כניסה, סטייה 0°) — עיקוף אמיתי."
"אמיתי","619","מטרופולין","detour","שד. בנימין/שלום שבזי","בן צבי/הגר''א","640","0.177","7","1.2","1.36","32.31523","34.85413","הקו נוסע פי 1.36 מקו 640 בין אותן שתי התחנות (אותו ציר כניסה, סטייה 0°) — עיקוף אמיתי."
"אמיתי","149","אקסטרה","detour","שד. בנימין/שלום שבזי","בן צבי/הגר''א","640","0.177","2","0.4","1.36","32.31523","34.85413","הקו נוסע פי 1.36 מקו 640 בין אותן שתי התחנות (אותו ציר כניסה, סטייה 0°) — עיקוף אמיתי."
"אמיתי","63","אקסטרה","detour","שד. בנימין/שלום שבזי","בן צבי/הגר''א","640","0.177","93","16.5","1.36","32.31523","34.85413","הקו נוסע פי 1.36 מקו 640 בין אותן שתי התחנות (אותו ציר כניסה, סטייה 0°) — עיקוף אמיתי."
"אמיתי","16","דן באר שבע","selfloop","ש'ד יעלים / ש''י עגנון","שדרות יעלים/העלייה","9","0.175","1","0.2","","31.25197","34.7784","הקו מקיף ~1.38 סיבובים (כיכר/לולאה) בין ""ש'ד יעלים / ש''י עגנון"" ל-""שדרות יעלים/העלייה"", בעוד קו 9 עובר אותו ב-0.4 ק""מ — סיבוב מיותר, עיקוף אמיתי."
"אמיתי","333","אלקטרה אפיקים","selfloop","שדרות יצחק רבין/שדרות בני ברית","שדרות יצחק רבין/כוכב הדרום","10","0.175","1","0.2","","31.77376","34.63717","הקו מקיף ~1.38 סיבובים (כיכר/לולאה) בין ""שדרות יצחק רבין/שדרות בני ברית"" ל-""שדרות יצחק רבין/כוכב הדרום"", בעוד קו 10 עובר אותו ב-0.4 ק""מ — סיבוב מיותר, עיקוף אמיתי."
"לא ניתן להשוואה","40","אגד","detour","העירייה","הרצל/הלל יפה","41","0.167","28","4.7","1.58","32.81246","34.9976","הקו נוסע במסלול קרוב-לאופטימלי (פי 0.5 מהדרך הקצרה בכביש) — אין עיקוף מיותר בפועל."
"אמיתי","454","אלקטרה אפיקים","selfloop","זכריה הנביא/שדרות האמוראים","אליהו הנביא/זכריה הנביא","474","0.151","8","1.2","","31.7033","34.97546","הקו מקיף ~1.55 סיבובים (כיכר/לולאה) בין ""זכריה הנביא/שדרות האמוראים"" ל-""אליהו הנביא/זכריה הנביא"", בעוד קו 474 עובר אותו ב-0.6 ק""מ — סיבוב מיותר, עיקוף אמיתי."
"אמיתי","424","תנופה","selfloop","זכריה הנביא/שדרות האמוראים","אליהו הנביא/זכריה הנביא","507","0.151","6","0.9","","31.7033","34.97546","הקו מקיף ~1.55 סיבובים (כיכר/לולאה) בין ""זכריה הנביא/שדרות האמוראים"" ל-""אליהו הנביא/זכריה הנביא"", בעוד קו 507 עובר אותו ב-0.6 ק""מ — סיבוב מיותר, עיקוף אמיתי."
"לא ניתן להשוואה","600","תנופה","detour","היכל המשפט/אבא אבן","שדרות שז''ר/בנייני האומה","615","0.149","53","7.9","1.43","31.78651","35.20556","לא ניתן להשוואה — קו 615 מתחיל/מסיים את מסלולו באחת התחנות (תחנת-קצה), ולכן אינו מסדרון-מעבר תקף: הוא עושה משם קפיצה ישירה קצרה, בעוד הקו הנבדק עשוי לבצע לולאת-שירות לגיטימית באמצע מסלולו. אין בסיס להשוואת מרחקים."
"לא ניתן להשוואה","43","אלקטרה אפיקים","detour","האלמוגים/בית כנסת","הצדפים/הים","53","0.148","8","1.2","1.55","31.82237","34.86279","לא ניתן להשוואה — קו 53 מתחיל/מסיים את מסלולו באחת התחנות (תחנת-קצה), ולכן אינו מסדרון-מעבר תקף: הוא עושה משם קפיצה ישירה קצרה, בעוד הקו הנבדק עשוי לבצע לולאת-שירות לגיטימית באמצע מסלולו. אין בסיס להשוואת מרחקים."
"אמיתי","6","דן בדרום","selfloop","הטייסים/חי''ל","הטייסים/מודיעין","18","0.148","21","3.1","","31.68024","34.56283","הקו מקיף ~1.36 סיבובים (כיכר/לולאה) בין ""הטייסים/חי''ל"" ל-""הטייסים/מודיעין"", בעוד קו 18 עובר אותו ב-0.3 ק""מ — סיבוב מיותר, עיקוף אמיתי."
"לא ניתן להשוואה","296","סופרבוס","detour","מסוף אום אל פחם","צומת אום אל פחם","247","0.14","3","0.4","1.37","32.53174","35.14974","לא ניתן להשוואה — קו 247 מתחיל/מסיים את מסלולו באחת התחנות (תחנת-קצה), ולכן אינו מסדרון-מעבר תקף: הוא עושה משם קפיצה ישירה קצרה, בעוד הקו הנבדק עשוי לבצע לולאת-שירות לגיטימית באמצע מסלולו. אין בסיס להשוואת מרחקים."
"לא ניתן להשוואה","246","סופרבוס","detour","מסוף אום אל פחם","צומת אום אל פחם","247","0.14","4","0.6","1.37","32.53174","35.14974","לא ניתן להשוואה — קו 247 מתחיל/מסיים את מסלולו באחת התחנות (תחנת-קצה), ולכן אינו מסדרון-מעבר תקף: הוא עושה משם קפיצה ישירה קצרה, בעוד הקו הנבדק עשוי לבצע לולאת-שירות לגיטימית באמצע מסלולו. אין בסיס להשוואת מרחקים."
"אמיתי","94","אגד","selfloop","פארק משיב הרוח","מתנ''ס רבין/ההגנה","1","0.138","1","0.1","","32.90084","35.2761","הקו מקיף ~1.88 סיבובים (כיכר/לולאה) בין ""פארק משיב הרוח"" ל-""מתנ''ס רבין/ההגנה"", בעוד קו 1 עובר אותו ב-0.4 ק""מ — סיבוב מיותר, עיקוף אמיתי."
"אמיתי","845","אגד","detour","הרב פרדס/מאיר בלבן","שדרות נווה יעקב/ראובן גמזון","790","0.132","1","0.1","1.39","31.845","35.24178","הקו נוסע פי 1.39 מקו 790 בין אותן שתי התחנות (אותו ציר כניסה, סטייה 0°) — עיקוף אמיתי."
"אמיתי","74","מטרופולין","selfloop","משה שרת/משאבים","השיקמים/חודשי השנה","77","0.13","2","0.3","","32.1628","34.89045","הקו מקיף ~1.38 סיבובים (כיכר/לולאה) בין ""משה שרת/משאבים"" ל-""השיקמים/חודשי השנה"", בעוד קו 77 עובר אותו ב-0.5 ק""מ — סיבוב מיותר, עיקוף אמיתי."
"אמיתי","12א","דן בדרום","selfloop","שדרות ירושלים/אגמית","שדרות ירושלים/רחבעם זאבי","5","0.129","1","0.1","","31.69835","34.57839","הקו מקיף ~1.25 סיבובים (כיכר/לולאה) בין ""שדרות ירושלים/אגמית"" ל-""שדרות ירושלים/רחבעם זאבי"", בעוד קו 5 עובר אותו ב-0.2 ק""מ — סיבוב מיותר, עיקוף אמיתי."
"אמיתי","4","אגד","selfloop","הרב עובדיה יוסף/הרבי מלובאוויטש","אביגדור קהלני/הרב עובדיה יוסף","83א","0.129","24","3.1","","31.06791","35.0507","הקו מקיף ~3.5 סיבובים (כיכר/לולאה) בין ""הרב עובדיה יוסף/הרבי מלובאוויטש"" ל-""אביגדור קהלני/הרב עובדיה יוסף"", בעוד קו 83א עובר אותו ב-0.3 ק""מ — סיבוב מיותר, עיקוף אמיתי."
"לא ניתן להשוואה","23","קווים","detour","צומת העוגן/כביש 5700","קיבוץ משמר השרון לדרום","26","0.126","5","0.6","1.68","32.35852","34.90683","לא ניתן להשוואה — כיווניות מנוגדת: קו 26 מגיע לתחנה המשותפת מצד מנוגד (הפרש וקטור הגעה 169° > 90°). הקווים על צירי נסיעה הפוכים — אין בסיס להשוואת מרחקים."
"לא ניתן להשוואה","23","קווים","detour","צומת העוגן/כביש 5700","קיבוץ משמר השרון לדרום","26","0.126","3","0.4","1.68","32.35852","34.90683","לא ניתן להשוואה — כיווניות מנוגדת: קו 26 מגיע לתחנה המשותפת מצד מנוגד (הפרש וקטור הגעה 169° > 90°). הקווים על צירי נסיעה הפוכים — אין בסיס להשוואת מרחקים."
"אמיתי","28","אגד","detour","מדעטק/בלפור","בית הקרנות","208","0.126","2","0.3","1.41","32.8098","34.99705","הקו נוסע פי 1.41 מקו 208 בין אותן שתי התחנות (אותו ציר כניסה, סטייה 0°) — עיקוף אמיתי."
"אמיתי","21","אגד","detour","מדעטק/בלפור","בית הקרנות","208","0.126","2","0.3","1.41","32.8098","34.99705","הקו נוסע פי 1.41 מקו 208 בין אותן שתי התחנות (אותו ציר כניסה, סטייה 0°) — עיקוף אמיתי."
"אמיתי","28","אגד","detour","מדעטק/בלפור","בית הקרנות","208","0.126","1","0.1","1.41","32.8098","34.99705","הקו נוסע פי 1.41 מקו 208 בין אותן שתי התחנות (אותו ציר כניסה, סטייה 0°) — עיקוף אמיתי."
"אמיתי","28","אגד","detour","מדעטק/בלפור","בית הקרנות","208","0.126","4","0.5","1.41","32.8098","34.99705","הקו נוסע פי 1.41 מקו 208 בין אותן שתי התחנות (אותו ציר כניסה, סטייה 0°) — עיקוף אמיתי."
"אמיתי","37","אגד","detour","מדעטק/בלפור","בית הקרנות","208","0.126","20","2.5","1.41","32.8098","34.99705","הקו נוסע פי 1.41 מקו 208 בין אותן שתי התחנות (אותו ציר כניסה, סטייה 0°) — עיקוף אמיתי."
"אמיתי","28","אגד","detour","מדעטק/בלפור","בית הקרנות","208","0.126","33","4.2","1.41","32.8098","34.99705","הקו נוסע פי 1.41 מקו 208 בין אותן שתי התחנות (אותו ציר כניסה, סטייה 0°) — עיקוף אמיתי."
"אמיתי","28","אגד","detour","מדעטק/בלפור","בית הקרנות","208","0.126","5","0.6","1.41","32.8098","34.99705","הקו נוסע פי 1.41 מקו 208 בין אותן שתי התחנות (אותו ציר כניסה, סטייה 0°) — עיקוף אמיתי."
"אמיתי","37א","אגד","detour","מדעטק/בלפור","בית הקרנות","208","0.126","4","0.5","1.41","32.8098","34.99705","הקו נוסע פי 1.41 מקו 208 בין אותן שתי התחנות (אותו ציר כניסה, סטייה 0°) — עיקוף אמיתי."
"אמיתי","80","מטרופולין","selfloop","ירושלים/שמעון","הקנאים/חברון","47","0.124","1","0.1","","31.25954","35.20988","הקו מקיף ~1.63 סיבובים (כיכר/לולאה) בין ""ירושלים/שמעון"" ל-""הקנאים/חברון"", בעוד קו 47 עובר אותו ב-0.4 ק""מ — סיבוב מיותר, עיקוף אמיתי."
"אמיתי","440","תנופה","selfloop","הר השומרון/נחל קנה","צומת רבבה","388","0.123","1","0.1","","32.12128","35.1289","הקו מקיף ~2 סיבובים (כיכר/לולאה) בין ""הר השומרון/נחל קנה"" ל-""צומת רבבה"", בעוד קו 388 עובר אותו ב-0.5 ק""מ — סיבוב מיותר, עיקוף אמיתי."
"אמיתי","83","סופרבוס","selfloop","רכבת העמק/העמלים","דרך קרית עמל/עמלים","85","0.121","3","0.4","","32.71549","35.10355","הקו מקיף ~1.47 סיבובים (כיכר/לולאה) בין ""רכבת העמק/העמלים"" ל-""דרך קרית עמל/עמלים"", בעוד קו 85 עובר אותו ב-0.3 ק""מ — סיבוב מיותר, עיקוף אמיתי."
"אמיתי","363","דן בדרום","selfloop","מכללת ספיר","מועצה אזורית שער הנגב","347","0.118","12","1.4","","31.51073","34.59435","הקו מקיף ~1.18 סיבובים (כיכר/לולאה) בין ""מכללת ספיר"" ל-""מועצה אזורית שער הנגב"", בעוד קו 347 עובר אותו ב-0.6 ק""מ — סיבוב מיותר, עיקוף אמיתי."
"אמיתי","46","אגד","detour","שדרות יצחק שמיר/שונית","אריאל שרון/ז'בוטינסקי","44","0.117","26","3","1.38","32.76306","34.96415","הקו נוסע פי 1.38 מקו 44 בין אותן שתי התחנות (אותו ציר כניסה, סטייה 0°) — עיקוף אמיתי."
"לא ניתן להשוואה","97","דן בדרום","detour","בן יהודה/עולי הגרדום","שפירא/עמק יזרעאל","1","0.114","1","0.1","1.37","31.64624","34.55683","לא ניתן להשוואה — קו 1 מתחיל/מסיים את מסלולו באחת התחנות (תחנת-קצה), ולכן אינו מסדרון-מעבר תקף: הוא עושה משם קפיצה ישירה קצרה, בעוד הקו הנבדק עשוי לבצע לולאת-שירות לגיטימית באמצע מסלולו. אין בסיס להשוואת מרחקים."
"אמיתי","145","מטרופולין","selfloop","ככר מגדל/עבד אל כרים קאסם","עבד אל כרים קאסם/אל ח'ליל","5א","0.114","6","0.7","","32.11788","34.96868","הקו מקיף ~1.32 סיבובים (כיכר/לולאה) בין ""ככר מגדל/עבד אל כרים קאסם"" ל-""עבד אל כרים קאסם/אל ח'ליל"", בעוד קו 5א עובר אותו ב-0.1 ק""מ — סיבוב מיותר, עיקוף אמיתי."
"אמיתי","145","מטרופולין","selfloop","ככר מגדל/עבד אל כרים קאסם","עבד אל כרים קאסם/אל ח'ליל","5א","0.114","3","0.3","","32.11788","34.96868","הקו מקיף ~1.32 סיבובים (כיכר/לולאה) בין ""ככר מגדל/עבד אל כרים קאסם"" ל-""עבד אל כרים קאסם/אל ח'ליל"", בעוד קו 5א עובר אותו ב-0.1 ק""מ — סיבוב מיותר, עיקוף אמיתי."
"אמיתי","29","דן באר שבע","selfloop","מרכז מסחרי נווה זאב/שדרות יוהנה ז'בוטינסקי","שדרות יוהנה ז'בוטינסקי/קדיש סילמן","14א","0.113","23","2.6","","31.23877","34.7739","הקו מקיף ~1.5 סיבובים (כיכר/לולאה) בין ""מרכז מסחרי נווה זאב/שדרות יוהנה ז'בוטינסקי"" ל-""שדרות יוהנה ז'בוטינסקי/קדיש סילמן"", בעוד קו 14א עובר אותו ב-0.3 ק""מ — סיבוב מיותר, עיקוף אמיתי."
"אמיתי","58","דן בדרום","selfloop","שד.ים/חי טייב","שדרות וייצמן/ורדימון","54","0.112","11","1.2","","31.42","34.5883","הקו מקיף ~2 סיבובים (כיכר/לולאה) בין ""שד.ים/חי טייב"" ל-""שדרות וייצמן/ורדימון"", בעוד קו 54 עובר אותו ב-0.3 ק""מ — סיבוב מיותר, עיקוף אמיתי."
"אמיתי","990","נתיב אקספרס","selfloop","הרב עובדיה יוסף/הרימונים","הרימונים/האלונים","110","0.11","1","0.1","","32.75282","35.10015","הקו מקיף ~1.37 סיבובים (כיכר/לולאה) בין ""הרב עובדיה יוסף/הרימונים"" ל-""הרימונים/האלונים"", בעוד קו 110 עובר אותו ב-0.4 ק""מ — סיבוב מיותר, עיקוף אמיתי."
"אמיתי","86","אקסטרה ירושלים","detour","הקונגרס הציוני/רקאנטי","רקאנטי/בן זאב","64","0.108","52","5.6","1.41","31.81805","35.19363","הקו נוסע פי 1.41 מקו 64 בין אותן שתי התחנות (אותו ציר כניסה, סטייה 0°) — עיקוף אמיתי."
"אמיתי","852","אגד","selfloop","דרך למרחב/המעלה","יד לבנים/דרך הבנים","3","0.106","27","2.9","","32.47374","34.97016","הקו מקיף ~1.5 סיבובים (כיכר/לולאה) בין ""דרך למרחב/המעלה"" ל-""יד לבנים/דרך הבנים"", בעוד קו 3 עובר אותו ב-0.4 ק""מ — סיבוב מיותר, עיקוף אמיתי."
"אמיתי","9","אלקטרה אפיקים","selfloop","דוד המלך/שאול המלך","שלמה המלך/חזקיה המלך","321","0.105","42","4.4","","31.77439","34.64304","הקו מקיף ~1.75 סיבובים (כיכר/לולאה) בין ""דוד המלך/שאול המלך"" ל-""שלמה המלך/חזקיה המלך"", בעוד קו 321 עובר אותו ב-0.4 ק""מ — סיבוב מיותר, עיקוף אמיתי."
"אמיתי","70","מטרופולין","selfloop","מעונות הסטודנטים/שדרות בן גוריון","תחנת רכבת/שדרות דוד בן גוריון","455","0.103","31","3.2","","31.26075","34.80638","הקו מקיף ~1.32 סיבובים (כיכר/לולאה) בין ""מעונות הסטודנטים/שדרות בן גוריון"" ל-""תחנת רכבת/שדרות דוד בן גוריון"", בעוד קו 455 עובר אותו ב-0.3 ק""מ — סיבוב מיותר, עיקוף אמיתי."
"אמיתי","67","מטרופולין","selfloop","מעונות הסטודנטים/שדרות בן גוריון","תחנת רכבת/שדרות דוד בן גוריון","455","0.103","7","0.7","","31.26075","34.80638","הקו מקיף ~1.32 סיבובים (כיכר/לולאה) בין ""מעונות הסטודנטים/שדרות בן גוריון"" ל-""תחנת רכבת/שדרות דוד בן גוריון"", בעוד קו 455 עובר אותו ב-0.3 ק""מ — סיבוב מיותר, עיקוף אמיתי."
"אמיתי","50","מטרופולין","selfloop","מעונות הסטודנטים/שדרות בן גוריון","תחנת רכבת/שדרות דוד בן גוריון","455","0.103","33","3.4","","31.26075","34.80638","הקו מקיף ~1.32 סיבובים (כיכר/לולאה) בין ""מעונות הסטודנטים/שדרות בן גוריון"" ל-""תחנת רכבת/שדרות דוד בן גוריון"", בעוד קו 455 עובר אותו ב-0.3 ק""מ — סיבוב מיותר, עיקוף אמיתי."
"אמיתי","210","אגד","selfloop","פלמח/האצל","פלמח/לחי","15","0.103","11","1.1","","32.85257","35.07373","הקו מקיף ~1.24 סיבובים (כיכר/לולאה) בין ""פלמח/האצל"" ל-""פלמח/לחי"", בעוד קו 15 עובר אותו ב-0.3 ק""מ — סיבוב מיותר, עיקוף אמיתי."
"אמיתי","84","אגד","selfloop","אל על/נקרות","אורן/אל על","96","0.102","1","0.1","","33.2224","35.59029","הקו מקיף ~2 סיבובים (כיכר/לולאה) בין ""אל על/נקרות"" ל-""אורן/אל על"", בעוד קו 96 עובר אותו ב-0.4 ק""מ — סיבוב מיותר, עיקוף אמיתי."
"אמיתי","356","סופרבוס","detour","בית ספר נטופה/יקינטון","מעלה יצחק/עין מאהל","34","0.101","18","1.8","1.36","32.72146","35.33718","הקו נוסע פי 1.36 מקו 34 בין אותן שתי התחנות (אותו ציר כניסה, סטייה 0°) — עיקוף אמיתי."
"אמיתי","356","סופרבוס","detour","בית ספר נטופה/יקינטון","מעלה יצחק/עין מאהל","34","0.101","3","0.3","1.36","32.72146","35.33718","הקו נוסע פי 1.36 מקו 34 בין אותן שתי התחנות (אותו ציר כניסה, סטייה 0°) — עיקוף אמיתי."
"אמיתי","2","ש.א.מ","detour","בית ספר נטופה/יקינטון","מעלה יצחק/עין מאהל","34","0.101","28","2.8","1.36","32.72146","35.33718","הקו נוסע פי 1.36 מקו 34 בין אותן שתי התחנות (אותו ציר כניסה, סטייה 0°) — עיקוף אמיתי."
"אמיתי","16","ש.א.מ","detour","בית ספר נטופה/יקינטון","מעלה יצחק/עין מאהל","34","0.101","25","2.5","1.36","32.72146","35.33718","הקו נוסע פי 1.36 מקו 34 בין אותן שתי התחנות (אותו ציר כניסה, סטייה 0°) — עיקוף אמיתי."
"אמיתי","826","אגד","detour","בית ספר נטופה/יקינטון","מעלה יצחק/עין מאהל","34","0.101","4","0.4","1.36","32.72146","35.33718","הקו נוסע פי 1.36 מקו 34 בין אותן שתי התחנות (אותו ציר כניסה, סטייה 0°) — עיקוף אמיתי."
"אמיתי","5","ש.א.מ","detour","בית ספר נטופה/יקינטון","מעלה יצחק/עין מאהל","34","0.101","22","2.2","1.36","32.72146","35.33718","הקו נוסע פי 1.36 מקו 34 בין אותן שתי התחנות (אותו ציר כניסה, סטייה 0°) — עיקוף אמיתי."
"אמיתי","12","ש.א.מ","detour","בית ספר נטופה/יקינטון","מעלה יצחק/עין מאהל","34","0.101","6","0.6","1.36","32.72146","35.33718","הקו נוסע פי 1.36 מקו 34 בין אותן שתי התחנות (אותו ציר כניסה, סטייה 0°) — עיקוף אמיתי."
"אמיתי","87","ש.א.מ","detour","בית ספר נטופה/יקינטון","מעלה יצחק/עין מאהל","34","0.101","1","0.1","1.36","32.72146","35.33718","הקו נוסע פי 1.36 מקו 34 בין אותן שתי התחנות (אותו ציר כניסה, סטייה 0°) — עיקוף אמיתי."
"אמיתי","332","נסיעות ותיירות","detour","בית ספר נטופה/יקינטון","מעלה יצחק/עין מאהל","34","0.101","3","0.3","1.36","32.72146","35.33718","הקו נוסע פי 1.36 מקו 34 בין אותן שתי התחנות (אותו ציר כניסה, סטייה 0°) — עיקוף אמיתי."
"אמיתי","36","ש.א.מ","detour","בית ספר נטופה/יקינטון","מעלה יצחק/עין מאהל","34","0.101","30","3","1.36","32.72146","35.33718","הקו נוסע פי 1.36 מקו 34 בין אותן שתי התחנות (אותו ציר כניסה, סטייה 0°) — עיקוף אמיתי."
"אמיתי","74","ש.א.מ","detour","בית ספר נטופה/יקינטון","מעלה יצחק/עין מאהל","34","0.101","1","0.1","1.36","32.72146","35.33718","הקו נוסע פי 1.36 מקו 34 בין אותן שתי התחנות (אותו ציר כניסה, סטייה 0°) — עיקוף אמיתי."
"אמיתי","268","אגד","selfloop","מעלה עדי ליאון/נחל מודיעין","מעלה עדי ליאון/שער הכניסה","183","0.1","5","0.5","","31.96623","35.04859","הקו מקיף ~1.25 סיבובים (כיכר/לולאה) בין ""מעלה עדי ליאון/נחל מודיעין"" ל-""מעלה עדי ליאון/שער הכניסה"", בעוד קו 183 עובר אותו ב-0.2 ק""מ — סיבוב מיותר, עיקוף אמיתי."
"אמיתי","27","אגד","detour","זבולון/שיבת ציון","זבולון/לילנבלום","23","0.097","25","2.4","1.4","32.80398","35.09442","הקו נוסע פי 1.40 מקו 23 בין אותן שתי התחנות (אותו ציר כניסה, סטייה 0°) — עיקוף אמיתי."
"אמיתי","35","אלקטרה אפיקים","selfloop","בית חולים הרצפלד","בן גוריון/עופרים","40","0.097","9","0.9","","31.80791","34.77794","הקו מקיף ~1.53 סיבובים (כיכר/לולאה) בין ""בית חולים הרצפלד"" ל-""בן גוריון/עופרים"", בעוד קו 40 עובר אותו ב-0.4 ק""מ — סיבוב מיותר, עיקוף אמיתי."
"אמיתי","503","אגד","selfloop","המשושים/פעמונית","שיאון/טיילת אפק","52","0.094","2","0.2","","32.99344","35.68638","הקו מקיף ~1.5 סיבובים (כיכר/לולאה) בין ""המשושים/פעמונית"" ל-""שיאון/טיילת אפק"", בעוד קו 52 עובר אותו ב-0.5 ק""מ — סיבוב מיותר, עיקוף אמיתי."
"אמיתי","279","מטרופולין","selfloop","רבי יהודה הנשיא/רבי שמעון בן שטח","רבי יהודה הנשיא/אבן גבירול","179","0.093","34","3.2","","32.0529","34.96068","הקו מקיף ~1.5 סיבובים (כיכר/לולאה) בין ""רבי יהודה הנשיא/רבי שמעון בן שטח"" ל-""רבי יהודה הנשיא/אבן גבירול"", בעוד קו 179 עובר אותו ב-0.5 ק""מ — סיבוב מיותר, עיקוף אמיתי."
"אמיתי","43","מועצה אזורית גולן","selfloop","גילבון/תדהר","זוויתן/טיילת נווה","53","0.093","1","0.1","","32.98891","35.69317","הקו מקיף ~1.25 סיבובים (כיכר/לולאה) בין ""גילבון/תדהר"" ל-""זוויתן/טיילת נווה"", בעוד קו 53 עובר אותו ב-0.3 ק""מ — סיבוב מיותר, עיקוף אמיתי."
"אמיתי","556","אגד","selfloop","שד. מלכי ישראל/רחבת גדעון בן יואש","שד.מלכי ישראל/משעול אהוד בן גרא","557","0.092","13","1.2","","31.61904","34.76174","הקו מקיף ~1.43 סיבובים (כיכר/לולאה) בין ""שד. מלכי ישראל/רחבת גדעון בן יואש"" ל-""שד.מלכי ישראל/משעול אהוד בן גרא"", בעוד קו 557 עובר אותו ב-0.2 ק""מ — סיבוב מיותר, עיקוף אמיתי."
"אמיתי","1","דן בדרום","selfloop","בריסל/רומא","קהילת מילנו/בריסל","4","0.092","26","2.4","","31.52217","34.60533","הקו מקיף ~1.38 סיבובים (כיכר/לולאה) בין ""בריסל/רומא"" ל-""קהילת מילנו/בריסל"", בעוד קו 4 עובר אותו ב-0.2 ק""מ — סיבוב מיותר, עיקוף אמיתי."
"אמיתי","3","נתיב אקספרס","selfloop","200/ארכ'בישוף אל חג'אר","עירייה/תאופיק זיאד","1","0.09","37","3.3","","32.80421","35.17323","הקו מקיף ~1.87 סיבובים (כיכר/לולאה) בין ""200/ארכ'בישוף אל חג'אר"" ל-""עירייה/תאופיק זיאד"", בעוד קו 1 עובר אותו ב-0.2 ק""מ — סיבוב מיותר, עיקוף אמיתי."
"אמיתי","22א","אגד","selfloop","קדיש לוז/צה''ל","צה''ל/אלמוגי","92","0.088","5","0.4","","32.84938","35.09209","הקו מקיף ~1.62 סיבובים (כיכר/לולאה) בין ""קדיש לוז/צה''ל"" ל-""צה''ל/אלמוגי"", בעוד קו 92 עובר אותו ב-0.2 ק""מ — סיבוב מיותר, עיקוף אמיתי."
"לא ניתן להשוואה","61","נתיב אקספרס","detour","החלוץ/מבצע חירם","החלוץ/יהודה המכבי","64","0.086","3","0.3","1.41","33.02097","35.10859","לא ניתן להשוואה — קו 64 מתחיל/מסיים את מסלולו באחת התחנות (תחנת-קצה), ולכן אינו מסדרון-מעבר תקף: הוא עושה משם קפיצה ישירה קצרה, בעוד הקו הנבדק עשוי לבצע לולאת-שירות לגיטימית באמצע מסלולו. אין בסיס להשוואת מרחקים."
"אמיתי","62א","אלקטרה אפיקים","selfloop","העצמאות/ויצמן","בן גוריון/העצמאות","20","0.086","2","0.2","","32.07482","34.87247","הקו מקיף ~1.43 סיבובים (כיכר/לולאה) בין ""העצמאות/ויצמן"" ל-""בן גוריון/העצמאות"", בעוד קו 20 עובר אותו ב-0.3 ק""מ — סיבוב מיותר, עיקוף אמיתי."
"אמיתי","3","נתיב אקספרס","selfloop","א שייח' אמין טריף/רחוב 411","עמותת ולד/411","165","0.081","37","3","","32.80801","35.16379","הקו מקיף ~1.28 סיבובים (כיכר/לולאה) בין ""א שייח' אמין טריף/רחוב 411"" ל-""עמותת ולד/411"", בעוד קו 165 עובר אותו ב-0.2 ק""מ — סיבוב מיותר, עיקוף אמיתי."
"לא ניתן להשוואה","58","קווים","detour","חפץ חיים/שדי חמד","חפץ חיים א","54","0.077","1","0.1","1.45","31.93389","35.04621","לא ניתן להשוואה — קו 54 מתחיל/מסיים את מסלולו באחת התחנות (תחנת-קצה), ולכן אינו מסדרון-מעבר תקף: הוא עושה משם קפיצה ישירה קצרה, בעוד הקו הנבדק עשוי לבצע לולאת-שירות לגיטימית באמצע מסלולו. אין בסיס להשוואת מרחקים."
"לא ניתן להשוואה","54","קווים","detour","חפץ חיים/שדי חמד","אור החיים/חפץ חיים","58","0.077","1","0.1","1.39","31.93389","35.04621","לא ניתן להשוואה — קו 58 מתחיל/מסיים את מסלולו באחת התחנות (תחנת-קצה), ולכן אינו מסדרון-מעבר תקף: הוא עושה משם קפיצה ישירה קצרה, בעוד הקו הנבדק עשוי לבצע לולאת-שירות לגיטימית באמצע מסלולו. אין בסיס להשוואת מרחקים."
"לא ניתן להשוואה","59","קווים","detour","חפץ חיים/שדי חמד","חפץ חיים א","54","0.077","1","0.1","1.45","31.93389","35.04621","לא ניתן להשוואה — קו 54 מתחיל/מסיים את מסלולו באחת התחנות (תחנת-קצה), ולכן אינו מסדרון-מעבר תקף: הוא עושה משם קפיצה ישירה קצרה, בעוד הקו הנבדק עשוי לבצע לולאת-שירות לגיטימית באמצע מסלולו. אין בסיס להשוואת מרחקים."
"אמיתי","19","מועצה אזורית גולן","selfloop","יהודיה/יודפת","זוויתן/יהודיה","843","0.077","1","0.1","","32.99401","35.6831","הקו מקיף ~1.7 סיבובים (כיכר/לולאה) בין ""יהודיה/יודפת"" ל-""זוויתן/יהודיה"", בעוד קו 843 עובר אותו ב-0.4 ק""מ — סיבוב מיותר, עיקוף אמיתי."
"אמיתי","3","נתיב אקספרס","selfloop","אלשוהדא/אלרואפ","קונסרבטוריון בית אלמוסיקה","165","0.077","37","2.8","","32.80269","35.16794","הקו מקיף ~1.25 סיבובים (כיכר/לולאה) בין ""אלשוהדא/אלרואפ"" ל-""קונסרבטוריון בית אלמוסיקה"", בעוד קו 165 עובר אותו ב-0.2 ק""מ — סיבוב מיותר, עיקוף אמיתי."
"לא ניתן להשוואה","102","אגד","detour","ברעם/האומן","האומן/ברעם","49","0.074","1","0.1","1.37","31.74553","35.2141","לא ניתן להשוואה — מקטע קצר (0.2 ק""מ) ואין קו שחולק את ציר-הכניסה; מסלולי הגעה שונים לצומת, ההשוואה אינה תקפה."
"אמיתי","440","נסיעות ותיירות","selfloop","דוד אלעזר/יפה נוף","מסעף בית חולים רבקה זיו","522","0.074","9","0.7","","32.95753","35.49274","הקו מקיף ~1.67 סיבובים (כיכר/לולאה) בין ""דוד אלעזר/יפה נוף"" ל-""מסעף בית חולים רבקה זיו"", בעוד קו 522 עובר אותו ב-0.3 ק""מ — סיבוב מיותר, עיקוף אמיתי."
"אמיתי","12","אקסטרה","selfloop","'יחזקאל/נחום א","נחום/ישעיהו","68","0.074","1","0.1","","32.29981","34.85641","הקו מקיף ~1.82 סיבובים (כיכר/לולאה) בין ""'יחזקאל/נחום א"" ל-""נחום/ישעיהו"", בעוד קו 68 עובר אותו ב-0.3 ק""מ — סיבוב מיותר, עיקוף אמיתי."
"אמיתי","12","אקסטרה","selfloop","'יחזקאל/נחום א","נחום/ישעיהו","68","0.073","3","0.2","","32.29981","34.85641","הקו מקיף ~1.82 סיבובים (כיכר/לולאה) בין ""'יחזקאל/נחום א"" ל-""נחום/ישעיהו"", בעוד קו 68 עובר אותו ב-0.3 ק""מ — סיבוב מיותר, עיקוף אמיתי."
"ספק","431","נסיעות ותיירות","detour","קניון מבנה/שירות בין-עירוני","הציונות/החטיבות","356","0.073","9","0.7","1.35","32.69832","35.31113","הקו הנבדק מגיע לתחנה ""קניון מבנה/שירות בין-עירוני"" מתחנה קודמת (דרך אריאל שרון/מעלה יצחק) שונה מזו של קו 356 (החיטה/שדרות מעלה יצחק). במקטע קצר זו אינה השוואה נקייה — ייתכן שהסטייה נובעת ממסלול גישה שונה ולא מעיקוף ודאי. נדרשת בדיקה אנושית."
"אמיתי","31","נתיב אקספרס","selfloop","המייסדים/בר יהודה","הרצל/המייסדים","28","0.073","8","0.6","","33.00895","35.09898","הקו מקיף ~1.75 סיבובים (כיכר/לולאה) בין ""המייסדים/בר יהודה"" ל-""הרצל/המייסדים"", בעוד קו 28 עובר אותו ב-0.3 ק""מ — סיבוב מיותר, עיקוף אמיתי."
"אמיתי","5","דן בדרום","selfloop","דובדבן/צאלון","צאלון/אשל","3","0.073","51","3.7","","31.30184","34.61813","הקו מקיף ~1.25 סיבובים (כיכר/לולאה) בין ""דובדבן/צאלון"" ל-""צאלון/אשל"", בעוד קו 3 עובר אותו ב-0.2 ק""מ — סיבוב מיותר, עיקוף אמיתי."
"אמיתי","62","אקסטרה","selfloop","טום לנטוס/ליבר זאב","שדרות לנטוס/יוסף","607","0.073","43","3.1","","32.30114","34.86934","הקו מקיף ~1.25 סיבובים (כיכר/לולאה) בין ""טום לנטוס/ליבר זאב"" ל-""שדרות לנטוס/יוסף"", בעוד קו 607 עובר אותו ב-0.3 ק""מ — סיבוב מיותר, עיקוף אמיתי."
"לא ניתן להשוואה","82","נתיב אקספרס","detour","שדרות מ''ג המעפילים/מחלף יפה נוף","מ''ג המעפילים/כלנית","2","0.071","2","0.1","1.37","33.00808","35.28326","לא ניתן להשוואה — מקטע קצר (0.2 ק""מ) ואין קו שחולק את ציר-הכניסה; מסלולי הגעה שונים לצומת, ההשוואה אינה תקפה."
"אמיתי","24","מטרופולין","selfloop","בית ספר תל אל-מלח","מועצה מקומית","20","0.071","14","1","","31.24727","35.08862","הקו מקיף ~1.32 סיבובים (כיכר/לולאה) בין ""בית ספר תל אל-מלח"" ל-""מועצה מקומית"", בעוד קו 20 עובר אותו ב-0.3 ק""מ — סיבוב מיותר, עיקוף אמיתי."
"אמיתי","88","אלקטרה אפיקים","selfloop","דרך מנחם בגין/ויינברגר","דרך מנחם בגין/חנה רובינא","292","0.07","66","4.6","","32.07502","34.90525","הקו מקיף ~1.45 סיבובים (כיכר/לולאה) בין ""דרך מנחם בגין/ויינברגר"" ל-""דרך מנחם בגין/חנה רובינא"", בעוד קו 292 עובר אותו ב-0.3 ק""מ — סיבוב מיותר, עיקוף אמיתי."
"אמיתי","97","אלקטרה אפיקים","selfloop","דרך מנחם בגין/ויינברגר","דרך מנחם בגין/חנה רובינא","292","0.07","19","1.3","","32.07502","34.90525","הקו מקיף ~1.45 סיבובים (כיכר/לולאה) בין ""דרך מנחם בגין/ויינברגר"" ל-""דרך מנחם בגין/חנה רובינא"", בעוד קו 292 עובר אותו ב-0.3 ק""מ — סיבוב מיותר, עיקוף אמיתי."
"אמיתי","64","אלקטרה אפיקים","selfloop","דרך מנחם בגין/ויינברגר","דרך מנחם בגין/חנה רובינא","292","0.07","59","4.1","","32.07502","34.90525","הקו מקיף ~1.45 סיבובים (כיכר/לולאה) בין ""דרך מנחם בגין/ויינברגר"" ל-""דרך מנחם בגין/חנה רובינא"", בעוד קו 292 עובר אותו ב-0.3 ק""מ — סיבוב מיותר, עיקוף אמיתי."
"אמיתי","30","נסיעות ותיירות","detour","עילבון יציאה","צומת עילבון צפון","180","0.07","15","1.1","1.41","32.83802","35.39904","הקו נוסע פי 1.41 מקו 180 בין אותן שתי התחנות (אותו ציר כניסה, סטייה 0°) — עיקוף אמיתי."
"אמיתי","30","נסיעות ותיירות","detour","עילבון יציאה","צומת עילבון צפון","180","0.07","5","0.4","1.41","32.83802","35.39904","הקו נוסע פי 1.41 מקו 180 בין אותן שתי התחנות (אותו ציר כניסה, סטייה 0°) — עיקוף אמיתי."
"אמיתי","61","נתיב אקספרס","selfloop","מגרשי הפטנק/שפרינצק","הזמיר/נשר","99","0.066","3","0.2","","33.00338","35.10422","הקו מקיף ~1.5 סיבובים (כיכר/לולאה) בין ""מגרשי הפטנק/שפרינצק"" ל-""הזמיר/נשר"", בעוד קו 99 עובר אותו ב-0.3 ק""מ — סיבוב מיותר, עיקוף אמיתי."
"אמיתי","3","נתיב אקספרס","selfloop","רחוב 240/רחוב 245","אל פואר ה","96","0.065","37","2.4","","32.81184","35.16829","הקו מקיף ~1.43 סיבובים (כיכר/לולאה) בין ""רחוב 240/רחוב 245"" ל-""אל פואר ה"", בעוד קו 96 עובר אותו ב-0.2 ק""מ — סיבוב מיותר, עיקוף אמיתי."
"אמיתי","60","אקסטרה","selfloop","יוסף שפרינצק/יוסף ויתקין","יוסף שפרינצק/הרב מנחם זמבה","606","0.065","33","2.1","","32.31541","34.88614","הקו מקיף ~1.25 סיבובים (כיכר/לולאה) בין ""יוסף שפרינצק/יוסף ויתקין"" ל-""יוסף שפרינצק/הרב מנחם זמבה"", בעוד קו 606 עובר אותו ב-0.3 ק""מ — סיבוב מיותר, עיקוף אמיתי."
"אמיתי","26","אגד","selfloop","הרצל/הבנים","הבנים/אלי כהן","27","0.065","3","0.2","","31.86091","34.82227","הקו מקיף ~1.5 סיבובים (כיכר/לולאה) בין ""הרצל/הבנים"" ל-""הבנים/אלי כהן"", בעוד קו 27 עובר אותו ב-0.2 ק""מ — סיבוב מיותר, עיקוף אמיתי."
"אמיתי","12א","נסיעות ותיירות","selfloop","בי''ס מקיף זרזיר","מועצה מקומית בית זרזיר","14א","0.064","5","0.3","","32.72646","35.22519","הקו מקיף ~1.5 סיבובים (כיכר/לולאה) בין ""בי''ס מקיף זרזיר"" ל-""מועצה מקומית בית זרזיר"", בעוד קו 14א עובר אותו ב-0.2 ק""מ — סיבוב מיותר, עיקוף אמיתי."
"אמיתי","14א","נסיעות ותיירות","selfloop","בי''ס מקיף זרזיר","מועצה מקומית בית זרזיר","12","0.064","3","0.2","","32.72646","35.22519","הקו מקיף ~1.5 סיבובים (כיכר/לולאה) בין ""בי''ס מקיף זרזיר"" ל-""מועצה מקומית בית זרזיר"", בעוד קו 12 עובר אותו ב-0.2 ק""מ — סיבוב מיותר, עיקוף אמיתי."
"לא ניתן להשוואה","49","אגד","detour","אצטדיון טרנר","מכללת קיי/יהודה הלוי","3","0.064","13","0.8","1.4","31.27301","34.7811","לא ניתן להשוואה — קו 3 מתחיל/מסיים את מסלולו באחת התחנות (תחנת-קצה), ולכן אינו מסדרון-מעבר תקף: הוא עושה משם קפיצה ישירה קצרה, בעוד הקו הנבדק עשוי לבצע לולאת-שירות לגיטימית באמצע מסלולו. אין בסיס להשוואת מרחקים."
"לא ניתן להשוואה","7","דן באר שבע","detour","אצטדיון טרנר","מכללת קיי/יהודה הלוי","3","0.064","55","3.5","1.4","31.27301","34.7811","לא ניתן להשוואה — קו 3 מתחיל/מסיים את מסלולו באחת התחנות (תחנת-קצה), ולכן אינו מסדרון-מעבר תקף: הוא עושה משם קפיצה ישירה קצרה, בעוד הקו הנבדק עשוי לבצע לולאת-שירות לגיטימית באמצע מסלולו. אין בסיס להשוואת מרחקים."
"לא ניתן להשוואה","5","קווים","detour","העצמאות/הפטל","הבנים/סמטת הורדים","98","0.063","2","0.1","1.41","32.27865","34.88957","לא ניתן להשוואה — מקטע קצר (0.2 ק""מ) ואין קו שחולק את ציר-הכניסה; מסלולי הגעה שונים לצומת, ההשוואה אינה תקפה."
"אמיתי","80א","אגד","selfloop","ורדיה/נורית","נורית/כליל החורש","92","0.063","2","0.1","","32.79427","34.99371","הקו מקיף ~1.32 סיבובים (כיכר/לולאה) בין ""ורדיה/נורית"" ל-""נורית/כליל החורש"", בעוד קו 92 עובר אותו ב-0.3 ק""מ — סיבוב מיותר, עיקוף אמיתי."
"אמיתי","11א","אגד","selfloop","משמר הגבול/יצחק רבין","ביאליק/תרנ''א","16","0.062","6","0.4","","32.43047","34.92554","הקו מקיף ~1.26 סיבובים (כיכר/לולאה) בין ""משמר הגבול/יצחק רבין"" ל-""ביאליק/תרנ''א"", בעוד קו 16 עובר אותו ב-0.3 ק""מ — סיבוב מיותר, עיקוף אמיתי."
"לא ניתן להשוואה","19","נתיב אקספרס","detour","אבו סנאן/כיכר השלום","רח 120/מינימרקט","305","0.06","29","1.7","1.7","32.95887","35.1684","לא ניתן להשוואה — קו 305 מתחיל/מסיים את מסלולו באחת התחנות (תחנת-קצה), ולכן אינו מסדרון-מעבר תקף: הוא עושה משם קפיצה ישירה קצרה, בעוד הקו הנבדק עשוי לבצע לולאת-שירות לגיטימית באמצע מסלולו. אין בסיס להשוואת מרחקים."
"אמיתי","30","סופרבוס","selfloop","מרפאה","המרפאה","33","0.059","6","0.4","","32.72224","35.43961","הקו מקיף ~1.5 סיבובים (כיכר/לולאה) בין ""מרפאה"" ל-""המרפאה"", בעוד קו 33 עובר אותו ב-0.2 ק""מ — סיבוב מיותר, עיקוף אמיתי."
"אמיתי","81","מטרופולין","selfloop","דוד רמז/יצחק שדה","י.ל. פרץ/שח''ל","19","0.053","1","0.1","","32.16313","34.85439","הקו מקיף ~1.75 סיבובים (כיכר/לולאה) בין ""דוד רמז/יצחק שדה"" ל-""י.ל. פרץ/שח''ל"", בעוד קו 19 עובר אותו ב-0.3 ק""מ — סיבוב מיותר, עיקוף אמיתי."